{
    "id": "Fmq8lfchNy",
    "lang": "en",
    "userId": "100001687576967-facebook",
    "createdAt": "2016-01-20 12:49:14",
    "updatedAt": "2016-01-20 14:12:10",
    "title": "Вспоминая моих грустных шлюх",
    "author": "Габриэль Гарсиа Маркес",
    "readDay": "20",
    "readMonth": "1",
    "readYear": "2016",
    "notes": "Незаметно для себя, я начал соопереживать главному герою, когда он влюбился как мальчишка, чисто, пламенно, безпамятно. И только после этого его жизнь заиграла новыми красками. Может именно по этому мне этот старик показался настолько близким по духу."
}