{
    "id": "g9sACSt2Dz",
    "lang": "en",
    "userId": "100001687576967-facebook",
    "createdAt": "2016-01-28 21:28:05",
    "updatedAt": "2016-01-28 21:28:05",
    "title": "The House On The Hill",
    "author": "Elizabeth Laird",
    "readDay": "28",
    "readMonth": "1",
    "readYear": "2016",
    "notes": "\"I was a fool\", he thought. \"Maria never loved me, how stupid I was\" Maria is beautiful but she is hard and cold, like her mother. I loved Maria's beauty, but never loved Maria."
}