{
    "id": "H9afn465Yc",
    "lang": "ru",
    "userId": "100002563462782-facebook",
    "createdAt": "2016-01-25 04:12:30",
    "updatedAt": "2016-01-25 14:10:42",
    "title": "Рядовые апокалипсиса",
    "author": "Борис Громов",
    "readDay": "",
    "readMonth": "12",
    "readYear": "2015",
    "notes": "Очень интересная книга с точки зрения деталий вооружения и описаний действий военных. Сам сюжет довольно простой. Вернее в книге нет классической схемы Завязка-Кульминация -Развязка. Книга рассказывает про выживание во время апокалипсиса. Могла бы быть закончена практически в любом месте."
}