{
    "id": "SKahKO2rE6",
    "lang": "ru",
    "userId": "100002563462782-facebook",
    "createdAt": "2016-02-12 04:07:30",
    "updatedAt": "2016-02-12 04:07:30",
    "title": "Літва і Жамойдзь. Розныя краіны і народы. (Беларуская мова)",
    "author": "Вацлаў Пануцэвіч",
    "readDay": "",
    "readMonth": "2",
    "readYear": "2016",
    "notes": "Книга очень научная. Встречаются места, где например на 5-7 страницах идет перечисление топонимов славянского происхождения на определенной территории."
}