{
    "id": "2KvJvLHJmT",
    "lang": "ru",
    "userId": "100001675877044-facebook",
    "createdAt": "2015-09-27 18:01:04",
    "updatedAt": "2015-09-27 18:01:04",
    "title": "Oracle Certified Associate Java SE 8 Programmer I Study Guide Exam 1Z0-808",
    "author": "Boyarsky Selikoff",
    "readDay": "10",
    "readMonth": "9",
    "readYear": "2015",
    "notes": "Книга помогла полностью подготовиться к сертификации. Тесты на сайте авторов покрыли все возможные темы."
}