{
    "id": "bcm5foXxhm",
    "lang": "ru",
    "userId": "100000769416047-facebook",
    "createdAt": "2016-05-05 12:15:45",
    "updatedAt": "2016-05-05 12:15:45",
    "title": "Любите ли вы Брамса?",
    "author": "Франсуаза Саган",
    "readDay": "20",
    "readMonth": "4",
    "readYear": "2016",
    "notes": "Двоякое впечатление. Видимо, Франсуаза Саган не мой автор. Книга о любви и нелюбви к себе."
}