{
    "id": "krWOCLaX70",
    "lang": "ru",
    "userId": "100000769416047-facebook",
    "createdAt": "2016-05-05 12:05:16",
    "updatedAt": "2016-05-05 12:05:16",
    "title": "Пять четвертинок апельсина",
    "author": "Джоанн Харрис",
    "readDay": "5",
    "readMonth": "4",
    "readYear": "2016",
    "notes": "Великолепная книга! Повествование от лица \"взрослого\" целеустремленного своеобразного ребёнка и от неё же, но в пожилом возрасте. Книга о любви, сложных  семейных отношениях, смекалке, войне со всеми её ужасами, о взаимоотношениях с людьми, о людских предрассудках и ценностях."
}