{
    "id": "Mt3qxlDU-K",
    "lang": "ru",
    "userId": "100000769416047-facebook",
    "createdAt": "2016-05-05 12:12:39",
    "updatedAt": "2016-05-05 12:12:39",
    "title": "Девушка в поезде",
    "author": "Пола Хокинс",
    "readDay": "2",
    "readMonth": "4",
    "readYear": "2016",
    "notes": "Книга о потерянной женщине, которая после разрыва с мужем заливает горе спиртным до беспамятства. Она каждый день по привычке ездит в город на поезде и живет в мире иллюзий, придумывая жизнь незнакомым людям,останавливаясь возле их дома на светофоре.Докучает бывшему мужу,которого не может забыть, и его новой жене.Однажды женщина из дома иллюзий пропадет, и главная героиня ещё не знает, что душегуб никто иной,как ее бывший муж."
}