{
    "id": "KVzrZoXN5K",
    "lang": "ru",
    "userId": "100002067005054-facebook",
    "createdAt": "2015-08-13 14:41:06",
    "updatedAt": "2015-08-13 14:42:58",
    "title": "Страх и отвращение в Лас-Вегасе",
    "author": "Хантер С. Томпсон",
    "readDay": "",
    "readMonth": "11",
    "readYear": "2014",
    "notes": "Квалифицированные журналист и адвокат с ответственностью взялись за свою работу."
}