{
    "id": "FSSmn4N4Gm",
    "userId": "100000019595884-facebook",
    "createdAt": "2017-01-25 15:09:39",
    "updatedAt": "2017-01-25 15:09:39",
    "title": "Жажда жизни",
    "author": "Ирвинг Стоун",
    "priority": 50,
    "notes": "Винсент Ван Гог — гениальный безумец, при жизни испытавший и презрение критиков живописи, и полное непонимание собратьев по кисти, а после смерти признанный великим художником. Его манера писать казалась странной и нелепой даже привыкшим к творческим экспериментам обитателям Монмартра. Его либо равнодушно отвергали, либо цинично использовали женщины. Над ним посмеивались друзья. Его жалели родные... Именно Ван Гогу посвящен самый известный биографический роман Ирвинга Стоуна, который выдержал более 30 изданий только на родном языке и был переведён на 30 иностранных языков. В процессе его создания, Стоун, по его собственным словам, «прошел пешком по югу Франции, жил в психиатрической больнице, куда поместили Ван Гога, и, наконец, спал в той же самой комнате и на той же постели в маленькой гостинице в Овере в годовщину его смерти»…"
}