{
    "id": "yYLaoLhMhZ",
    "userId": "100000019595884-facebook",
    "createdAt": "2017-01-25 15:09:01",
    "updatedAt": "2017-01-25 15:09:01",
    "title": "Отверженные",
    "author": "Виктор Гюго",
    "priority": 50,
    "notes": "Один из лучших романов классика мировой литературы. Жан Вальжан, Козетта, Гаврош — имена героев романа давно сделались нарицательными, число его читателей за полтора столетия с момента выхода книги в свет не становится меньше, роман не теряет популярности. Калейдоскоп лиц из всех слоев французского общества первой половины XIX столетия, яркие, запоминающиеся характеры, гротеск и романтика, сентиментальность и реализм, напряженный, захватывающий сюжет, — главные причины успеха книги Гюго и они же главные причины частого обращения к ней мирового кинематографа."
}