{
    "id": "02KVvPudwk",
    "lang": "ru",
    "userId": "100000058705406-facebook",
    "createdAt": "2016-03-12 07:38:09",
    "updatedAt": "2016-03-12 07:38:09",
    "title": "#1-5 Back to the Future: Untold Tales and Alternate Timelines (2015)",
    "author": "Bob Gale, John Barber & Erik Burnham",
    "readDay": "12",
    "readMonth": "3",
    "readYear": "2016",
    "notes": "Необязательная антология, мечущаяся между наивными пустяками Боба Гейла и неплохими приквельными главами."
}