{
    "id": "a3l9j3uXOE",
    "lang": "ru",
    "userId": "100000058705406-facebook",
    "createdAt": "2016-07-03 09:32:29",
    "updatedAt": "2016-07-03 09:32:29",
    "title": "«Восхождение Губернатора» (2011)",
    "author": "Джей Бонасинга, Роберт Киркман",
    "readDay": "2",
    "readMonth": "7",
    "readYear": "2016",
    "notes": "Небрежная надстройка к комиксу «Ходячие мертвецы», в которой анахронизмов больше, чем экшна, а финальный «какого черта?» твист вызывает желание обнять бедного автора и напоить молоком."
}