{
    "id": "akB8wjzo62",
    "lang": "ru",
    "userId": "100000058705406-facebook",
    "createdAt": "2016-03-10 11:20:21",
    "updatedAt": "2016-03-10 11:20:21",
    "title": "«Мобильник» (2006)",
    "author": "Стивен Кинг",
    "readDay": "10",
    "readMonth": "3",
    "readYear": "2016",
    "notes": "Неловкий (после Толстого) слог, корявый перевод и старческий хай-тек. Вряд ли заслуживает внимания."
}