{
    "id": "AKgAs6F8K6",
    "lang": "ru",
    "userId": "100000058705406-facebook",
    "createdAt": "2016-04-23 12:04:48",
    "updatedAt": "2016-04-23 12:04:48",
    "title": "«Девушка в поезде» (2015)",
    "author": "Пола Хокинс",
    "readDay": "23",
    "readMonth": "4",
    "readYear": "2016",
    "notes": "Дневниковая стилистика поначалу воспринимается немного надуманной, и нелинейная хронология сбивает с толку, но дискомфорт проходит, как только начинает расследование."
}