{
    "id": "aRK0PWM1dK",
    "lang": "ru",
    "userId": "100000058705406-facebook",
    "createdAt": "2016-02-10 13:18:56",
    "updatedAt": "2016-07-03 09:41:11",
    "title": "#1-6 The Walking Dead, Vol. 01: Days Gone Bye (2004)",
    "author": "Robert Kirkman",
    "readDay": "10",
    "readMonth": "2",
    "readYear": "2016",
    "notes": "Временами сложно уследить за рисунком, и отношения внутри группы слабее сериальных. Первое отличие – Карл убил Шейна."
}