{
    "id": "Bbv5hCmw-T",
    "lang": "ru",
    "userId": "100000058705406-facebook",
    "createdAt": "2016-01-20 10:26:03",
    "updatedAt": "2016-01-20 10:26:34",
    "title": "SCRP – The Cellar (aka 10 Cloverfield Lane) (2012)",
    "author": "Josh Campbell & Matt Stuecken",
    "readDay": "19",
    "readMonth": "1",
    "readYear": "2016",
    "notes": "Подобный хай-концепт не один год просился на экран. Достаточно интересный, но стал бы я читать этот сценарий без привязки к «Монстро» и Джей Джей Абрамсу? Вряд ли."
}