{
    "id": "gXcp4mcQ8_",
    "lang": "ru",
    "userId": "100000058705406-facebook",
    "createdAt": "2016-01-15 13:44:48",
    "updatedAt": "2016-01-15 13:44:48",
    "title": "«Шесть серебряных пуль» (1989)",
    "author": "Джордж Р. Р. Мартин",
    "readDay": "15",
    "readMonth": "1",
    "readYear": "2016",
    "notes": "Дед Р.Р. заметно прифанател от кинокартины «Вой», но тем менее повесть достаточно твистовая."
}