{
    "id": "h5TpaVhjtI",
    "lang": "ru",
    "userId": "100000058705406-facebook",
    "createdAt": "2016-01-06 12:10:13",
    "updatedAt": "2016-01-06 12:11:47",
    "title": "«Он снова здесь» (2012)",
    "author": "Тимур Вермеш",
    "readDay": "4",
    "readMonth": "1",
    "readYear": "2016",
    "notes": "Прекрасный хай-концепт, которому не хватило легкости реализации: юмор вязнет в самоповторах, текст пестрит сносками, стариковский слог быстро перестает развлекать."
}