{
    "id": "jepP7wQht9",
    "lang": "ru",
    "userId": "100000058705406-facebook",
    "createdAt": "2016-06-12 19:04:38",
    "updatedAt": "2016-07-03 09:39:36",
    "title": "How Not To Make a Short Film (2009)",
    "author": "Roberta Marie Munroe",
    "readDay": "7",
    "readMonth": "6",
    "readYear": "2016",
    "notes": "Must-read для каждого начинающего режиссера/продюсера, и зависть, что на нашем рынке подобные книги просто отсутствуют."
}