{
    "id": "lDTf1cJ3AU",
    "lang": "ru",
    "userId": "100000058705406-facebook",
    "createdAt": "2016-04-26 15:45:24",
    "updatedAt": "2016-04-26 15:45:24",
    "title": "SCRP – Deeper (2015)",
    "author": "Max Landis",
    "readDay": "26",
    "readMonth": "4",
    "readYear": "2016",
    "notes": "Исследователь, спускающийся на дно глубочайшей впадины в мире, сталкивается со сверхъестественным кошмаром. Бойкие диалоги, литература в описании действия, несоблюдение формата и – главное – отказ от объяснений в пользу достижения героем внутренней цели: обретения смысла в жизни."
}