{
    "id": "pILJIfvHvj",
    "lang": "ru",
    "userId": "100000058705406-facebook",
    "createdAt": "2016-06-12 19:13:42",
    "updatedAt": "2016-07-03 09:42:53",
    "title": "#1-2 The Sound of One Hand Clapping (2013)",
    "author": "Max Landis",
    "readDay": "8",
    "readMonth": "6",
    "readYear": "2016",
    "notes": "Довольно примитивная по рисунку и сюжету история о том, как Супермен выпорол Джокера, но фирменный монолог Лэндиса оправдывает все полчаса чтения."
}