{
    "id": "tFPXy0m_C0",
    "lang": "ru",
    "userId": "100000058705406-facebook",
    "createdAt": "2016-02-10 08:14:11",
    "updatedAt": "2016-02-10 13:19:51",
    "title": "#1-4 Die Hard: Year One (2009)",
    "author": "Howard Chaykin",
    "readDay": "1",
    "readMonth": "2",
    "readYear": "2016",
    "notes": "Плотный комикс с хорошим рисунком. Первый том по сюжету пустой: нападение на яхту мэра, сумбурное и без твистов."
}