{
    "id": "uICNmpe27S",
    "lang": "ru",
    "userId": "100000058705406-facebook",
    "createdAt": "2016-06-12 19:04:12",
    "updatedAt": "2016-07-03 09:42:07",
    "title": "#13-18 The Walking Dead, Vol. 03: Safety Behind Bars (2005)",
    "author": "Robert Kirkman",
    "readDay": "7",
    "readMonth": "6",
    "readYear": "2016",
    "notes": "Комикс все еще наивен в развитии персонажей, и сюжет держится достаточно близко к сериалу, но каждый клиффхангер заставляет скорее открывать новый выпуск."
}