{
    "id": "ULgP2UMyy5",
    "lang": "ru",
    "userId": "100000058705406-facebook",
    "createdAt": "2016-02-10 08:21:09",
    "updatedAt": "2016-02-10 13:20:38",
    "title": "#5-8 Die Hard: Year One (2010)",
    "author": "Howard Chaykin",
    "readDay": "10",
    "readMonth": "2",
    "readYear": "2016",
    "notes": "Плотный комикс с хорошим рисунком. Второй том про отключение Нью-Йорка от электричества и знакомство МакЛейна с Холли тянет на фильм."
}