{
    "id": "Us009C0nVH",
    "lang": "ru",
    "userId": "100000058705406-facebook",
    "createdAt": "2016-05-26 19:06:41",
    "updatedAt": "2016-05-26 19:06:41",
    "title": "«Крестный отец» (1969)",
    "author": "Марио Пьюзо",
    "readDay": "26",
    "readMonth": "5",
    "readYear": "2016",
    "notes": "Более старомодный (чем я мог себе представить) роман уступает экранизации Копполы в динамике и выверенности драмы. Переводов М. Кана в дальнейшем следует избегать."
}