{
    "id": "xELDPjSN0f",
    "lang": "ru",
    "userId": "100000058705406-facebook",
    "createdAt": "2016-01-06 12:17:30",
    "updatedAt": "2016-01-06 12:17:30",
    "title": "«Голливуд» (1989)",
    "author": "Чарльз Буковски",
    "readDay": "6",
    "readMonth": "1",
    "readYear": "2016",
    "notes": "Автор застал Голливуд в очень интересный период времени, но тусовался не там и не с теми. Большое кино захлебывалось в кокаине и формировало жанры, а он буксовал у барной стойки с позавчерашними героями. Впрочем, работая тактика Canon Group и закидоны Микки Рурка довольно занятны."
}