{
    "id": "YkyiY0FMIa",
    "lang": "ru",
    "userId": "100000058705406-facebook",
    "createdAt": "2016-06-12 19:00:16",
    "updatedAt": "2016-07-03 09:39:12",
    "title": "#1-7 Superman: American Alien (2016)",
    "author": "Max Landis",
    "readDay": "5",
    "readMonth": "6",
    "readYear": "2016",
    "notes": "Отличная современная деконструкция Супермена, написанная в рифме со «Стивом Джобсом» Аарона Соркина – вместо последовательного возмужания и громких побед, перед нами семь на первый взгляд случайных эпизодов, каждый из которых сформировал личность Кента-Супермена."
}