{
    "id": "0pvVIk6HyP",
    "userId": "100001858801764-facebook",
    "createdAt": "2015-02-25 21:47:39",
    "updatedAt": "2015-08-06 20:47:43",
    "title": "1984",
    "author": "Джордж Оруэлл",
    "readDay": "20",
    "readMonth": "12",
    "readYear": "2014",
    "notes": "Антиутопия. Пока это лучшая книга, которую довелось читать. Самый запоминающийся и, пожалуй, самый лучший момент - смерть главного героя в самом конце. Описание про пулю, которой был убит главный герой, перечитывала несколько раз."
}