{
    "id": "1hBd0PqJkR",
    "userId": "100001858801764-facebook",
    "createdAt": "2016-11-12 21:14:12",
    "updatedAt": "2016-11-12 21:14:12",
    "title": "Скотный двор",
    "author": "Джордж Оруэлл",
    "readDay": "12",
    "readMonth": "11",
    "readYear": "2016",
    "notes": "Антиутопия о том, как животные поднимают восстание на Господском дворе, желая освободиться от рабства и гнёта человека. Им удаётся изгнать людей со двора, после чего они начинают выстраивать общество по своим правилам (7 заповедей): все животные равны, никакого алкоголя, нельзя жить в доме и носить одежду и т.д. Но вскоре всё пошло наперекосяк, к власти постепенно приходит один свин Наполеон и начинает видоизменять правила жизни. Конечно, он окружает себя приспешниками, переписывает все правила, внушая всем, что так раньше и было. Животные работают, не покладая рук, голодают и изнемогают. Однако им яростно внушается, что при людях было ещё хуже, чему они безропотно верят, иногда сомневаются и что-то подозревают, но продолжают верить. Понравилась сцена с конём Бойцом, который работал больше всех и всегда приговаривал \"Я буду работать ещё усерднее\", но когда старость и болезни настигли его, свиньи под видом того, что отправляют его лечиться, сдают его живодёрам на скотобойню. В итоге животные воссоздают то же самое человеческое общество. Заканчивается отличной сценой, где свиньи вступают в договорные отношения с людьми и встречаются за застольем, а животные подглядывая в окно за происходящим не могут уже отличить где свиньи,а где люди."
}