{
    "id": "dv8J2KVobt",
    "userId": "100001858801764-facebook",
    "createdAt": "2015-02-25 21:49:28",
    "updatedAt": "2015-02-25 21:49:28",
    "title": "Джей-Под",
    "author": "Дуглас Коупленд",
    "readDay": "30",
    "readMonth": "1",
    "readYear": "2015",
    "notes": "Полная сарказма, крутых поворотных сюжетов книга. Два минуса: концовка ни о чём, не понравилось то, что автор ввёл самого себя как героя."
}