{
    "id": "kSLfvt1Bk9",
    "userId": "100001858801764-facebook",
    "createdAt": "2015-10-09 22:09:14",
    "updatedAt": "2015-10-09 22:13:32",
    "title": "Последний день приговорённого к смерти",
    "author": "Виктор Гюго",
    "readDay": "10",
    "readMonth": "10",
    "readYear": "2015",
    "notes": "Начало шло достаточно,больше было похоже на публицистику,статью о том,по каким причинам автор категорически против смертной казни.Хотя примеры в этих рассуждениях захватывающие. Самый-не до конца отрубленная голова подсудимого.Далее-история главного героя,описанная им от первого лица,его мучения и переживания в течении приблизительно 6 недель, оставшихся до смертной казни.Самый крутой момент-встреча главного героя с маленькой дочерью,которую он так сильно любил, после года разлуки.Она его не вспоминает и отвергает,несмотря на все его попытки выразить свои нежные чувства к ней,пускай и в неловкой форме. Она говорит,что её отец умер.В конце-концов главный герой просит её увести. Это становится переломным моментом,он готов к смерти.Автор так и не раскрывает причины приговора к смерти главного героя,оставляет это читателю,который может представить как незначимое преступление и соответственно незаслуженно суровое наказание,так и что-то ужасное, ведь он не раз себя называет плохим человеком."
}