{
    "id": "RtwdhZMWho",
    "userId": "100001858801764-facebook",
    "createdAt": "2015-08-06 20:45:16",
    "updatedAt": "2015-08-06 20:45:16",
    "title": "Три товарища",
    "author": "Эрих Мария Ремарк",
    "readDay": "1",
    "readMonth": "7",
    "readYear": "2015",
    "notes": "Книга о дружбе и любви. Очень неожиданной была смерть Ленца (одного из друзей). Смерть Пат была хоть и ожидаемой, но душераздирающей. Описание чувств и эмоций главного героя не оставили равнодушной и несколько раз заставили прослезиться."
}