{
    "id": "T2Bz11JMXE",
    "userId": "100001858801764-facebook",
    "createdAt": "2016-11-12 21:04:14",
    "updatedAt": "2016-11-12 21:04:14",
    "title": "Нетерпение сердца",
    "author": "Стефан Цвейг",
    "readDay": "1",
    "readMonth": "8",
    "readYear": "2016",
    "notes": "Рассказ о том, как молодой офицер становится вхожим в богатую семью, где главным действующим лицом является молодая девушка-инвалид, потерявшая способность ходить, а вместе с тем и постепенно теряющая надежду на выздоровление. Любовь к молодому человеку заставляет её ожить и вновь возжелать всем сердцем вылечиться. Он в свою очередь легкомысленно относится к её чувствам, не испытывая ничего кроме жалости в ответ. Обстоятельства складываются так, что он ложно даёт ей псевдонадежду,будто её лечащий врач уверен в новом лечении, которое спасёт её. В конце он отвергает её любовь, после чего девушка кончает жизнь самоубийством. Цепляет внимание фигура отца девушки и его судьба, бедняк, выбившийся в богачи трудолюбием, нередко хитростью. Но в конечном итоге искренне любившийся в женщину, которая и сделала его богатым."
}