{
    "id": "XdtNXWKGMn",
    "userId": "100001858801764-facebook",
    "createdAt": "2016-09-24 22:36:21",
    "updatedAt": "2016-09-24 22:36:21",
    "title": "Прощай, оружие!",
    "author": "Эрнест Хемингуэй",
    "readDay": "25",
    "readMonth": "9",
    "readYear": "2016",
    "notes": "Понравилось, как описывают военные события и людей в этот период: большую часть времени все ничего не делают, пьют, трахаются. И главный герой — не исключение, находит медсестру тоже с целью провести с ней не больше одной ночи. Дальше как-то странно резко он в неё влюбляется без каких-либо причин, непонятно. Она забеременела в тот момент, когда его снова забирают на фронт. Спустя время он дезертирует, его разыскивают как преступника, но они сбегают. Она умирает при родах. Не поняла концовку, драматично и грустно, но какая мораль?"
}