{
    "id": "PmHaNFD49Z",
    "lang": "ru",
    "userId": "100000973346798-facebook",
    "createdAt": "2015-09-23 07:32:50",
    "updatedAt": "2015-09-23 07:32:50",
    "title": "Августовские пушки",
    "author": "Барбара Такман",
    "readDay": "",
    "readMonth": "",
    "readYear": "2014",
    "notes": "Прекрасная книга не только по истории начала Первой мировой войны, но и вообще о том, как начинаются войны. О неотвратимой цепочке событий, амбиций и заблуждений, ввергающих мир в бойню, масштабов которой никто не мог даже представить"
}