{
    "id": "sBA0nC664Y",
    "lang": "ru",
    "userId": "100000973346798-facebook",
    "createdAt": "2015-09-23 07:34:39",
    "updatedAt": "2015-09-23 07:34:39",
    "title": "Тридцатилетняя война",
    "author": "Вероника Веджвуд",
    "readDay": "",
    "readMonth": "",
    "readYear": "2014",
    "notes": "Прекрасный труд об одной из самых бессмысленных войн, не решившей почти никаких противоречий, но унесшей сотни тысяч жизней."
}