{
    "118049897850017649660-google": {
        "id": "118049897850017649660-google",
        "nickname": "Sky",
        "booksCount": 36,
        "updatedAt": "2017-08-03 05:11:10"
    },
    "100001603844736-facebook": {
        "id": "100001603844736-facebook",
        "nickname": "Oksana",
        "booksCount": 0,
        "updatedAt": "2017-08-02 10:12:30"
    },
    "8399226-vkontakte": {
        "id": "8399226-vkontakte",
        "nickname": "arisss",
        "booksCount": 0,
        "updatedAt": "2017-08-01 19:52:15"
    },
    "241974816-vkontakte": {
        "id": "241974816-vkontakte",
        "nickname": "Ник Литвинов",
        "booksCount": 113,
        "updatedAt": "2017-08-01 19:09:53"
    },
    "209723-vkontakte": {
        "id": "209723-vkontakte",
        "nickname": "okfine",
        "booksCount": 3,
        "updatedAt": "2017-08-01 06:41:08"
    },
    "105831994080785626680-google": {
        "id": "105831994080785626680-google",
        "nickname": "Chiffi",
        "booksCount": 26,
        "updatedAt": "2017-07-31 20:42:37"
    },
    "103293621948650602575-google": {
        "id": "103293621948650602575-google",
        "nickname": "Lost in Frost",
        "booksCount": 90,
        "updatedAt": "2017-07-31 11:37:19"
    },
    "4823577-vkontakte": {
        "id": "4823577-vkontakte",
        "nickname": "Andrey",
        "booksCount": 0,
        "updatedAt": "2017-07-30 21:36:22"
    },
    "380554090-vkontakte": {
        "id": "380554090-vkontakte",
        "nickname": "idsimonbell",
        "booksCount": 33,
        "updatedAt": "2017-07-30 21:01:32"
    },
    "159468103-vkontakte": {
        "id": "159468103-vkontakte",
        "nickname": "annushkash92",
        "booksCount": 0,
        "updatedAt": "2017-07-29 19:57:03"
    },
    "162444669-vkontakte": {
        "id": "162444669-vkontakte",
        "nickname": "SMedgaus",
        "booksCount": 8,
        "updatedAt": "2017-07-29 16:41:30"
    },
    "102763689513347752702-google": {
        "id": "102763689513347752702-google",
        "nickname": "Gregor Bjdantukevich",
        "booksCount": 1,
        "updatedAt": "2017-07-28 20:51:06"
    },
    "215227771-vkontakte": {
        "id": "215227771-vkontakte",
        "nickname": "Clémence",
        "booksCount": 2,
        "updatedAt": "2017-07-27 21:02:44"
    },
    "2352103981-twitter": {
        "id": "2352103981-twitter",
        "nickname": "Eji_tyan",
        "booksCount": 31,
        "updatedAt": "2017-07-27 19:49:25"
    },
    "2401650-vkontakte": {
        "id": "2401650-vkontakte",
        "nickname": "joan789",
        "booksCount": 60,
        "updatedAt": "2017-07-27 16:12:42"
    },
    "15706320-vkontakte": {
        "id": "15706320-vkontakte",
        "nickname": "borodach",
        "booksCount": 105,
        "updatedAt": "2017-07-27 09:37:29"
    },
    "73323849-yandex": {
        "id": "73323849-yandex",
        "nickname": "inna.besprozvannykh",
        "booksCount": 28,
        "updatedAt": "2017-07-27 06:31:39"
    },
    "103869594497189251620-google": {
        "id": "103869594497189251620-google",
        "nickname": "forgame904",
        "booksCount": 0,
        "updatedAt": "2017-07-27 05:12:17"
    },
    "1335076-vkontakte": {
        "id": "1335076-vkontakte",
        "nickname": "silin_mihail",
        "booksCount": 1,
        "updatedAt": "2017-07-26 20:09:48"
    },
    "192185074-vkontakte": {
        "id": "192185074-vkontakte",
        "nickname": "Hikari",
        "booksCount": 0,
        "updatedAt": "2017-07-26 13:19:07"
    },
    "85203415-vkontakte": {
        "id": "85203415-vkontakte",
        "nickname": "develchip",
        "booksCount": 62,
        "updatedAt": "2017-07-26 11:34:20"
    },
    "556889019-twitter": {
        "id": "556889019-twitter",
        "nickname": "ohsubbotina",
        "booksCount": 0,
        "updatedAt": "2017-07-26 10:47:55"
    },
    "20033623-vkontakte": {
        "id": "20033623-vkontakte",
        "nickname": "Яна",
        "booksCount": 0,
        "updatedAt": "2017-07-26 05:32:59"
    },
    "1882525281990290-facebook": {
        "id": "1882525281990290-facebook",
        "nickname": "sad little panda",
        "booksCount": 29,
        "updatedAt": "2017-07-25 23:39:01"
    },
    "1002037069862545-facebook": {
        "id": "1002037069862545-facebook",
        "nickname": "Элла",
        "booksCount": 4,
        "updatedAt": "2017-07-25 12:18:40"
    },
    "3114181641539446926-mailru": {
        "id": "3114181641539446926-mailru",
        "nickname": "***Тамара***",
        "booksCount": 0,
        "updatedAt": "2017-07-25 12:10:02"
    },
    "112214463787387089052-google": {
        "id": "112214463787387089052-google",
        "nickname": "Лорд Пудинг",
        "booksCount": 0,
        "updatedAt": "2017-07-25 09:55:24"
    },
    "1431088546976250-facebook": {
        "id": "1431088546976250-facebook",
        "nickname": "irina sarafova",
        "booksCount": 1,
        "updatedAt": "2017-07-25 06:53:48"
    },
    "100978570902186865324-google": {
        "id": "100978570902186865324-google",
        "nickname": "ODINSY",
        "booksCount": 54,
        "updatedAt": "2017-07-24 12:22:10"
    },
    "3621623-vkontakte": {
        "id": "3621623-vkontakte",
        "nickname": "abzagir4ik",
        "booksCount": 88,
        "updatedAt": "2017-07-24 02:52:57"
    }
}