{
    "X-fHt-4quj": {
        "id": "X-fHt-4quj",
        "title": "Дом на краю ночи",
        "author": "Кэтрин Бэннер",
        "notes": "Такие семейные саги, где описывается жизнь нескольких поколений, мне читать еще не приходилось, интересно. Итальянский колорит тоже добавляет разнообразия.",
        "createdAt": "2017-08-03 05:11:10",
        "user": {
            "id": "118049897850017649660-google",
            "nickname": "Sky",
            "booksCount": 36
        }
    },
    "28K6g8pNzb": {
        "id": "28K6g8pNzb",
        "title": "Остаться в живых. Психология поведения в экстремальных ситуациях",
        "author": "Лоуренс Гонсалес",
        "notes": "В процессе\n\nhttps://www.ozon.ru/context/detail/id/27071402/",
        "createdAt": "2017-08-01 19:09:53",
        "user": {
            "id": "241974816-vkontakte",
            "nickname": "Ник Литвинов",
            "booksCount": 113
        }
    },
    "1hMEJ-mNh2": {
        "id": "1hMEJ-mNh2",
        "title": "Между Огней",
        "author": "Олли Вингет",
        "notes": "Продолжение После Огня.  \nОчень жалко Лисенка",
        "createdAt": "2017-07-31 20:42:37",
        "user": {
            "id": "105831994080785626680-google",
            "nickname": "Chiffi",
            "booksCount": 26
        }
    },
    "FEIGTlLP6g": {
        "id": "FEIGTlLP6g",
        "title": "Превращение",
        "author": "Франц Кафка",
        "notes": "Повесть",
        "createdAt": "2017-07-30 21:01:32",
        "user": {
            "id": "380554090-vkontakte",
            "nickname": "idsimonbell",
            "booksCount": 33
        }
    },
    "3ZsSCvcms_": {
        "id": "3ZsSCvcms_",
        "title": "После Огня",
        "author": "Олли Вингет",
        "notes": "сказка-антиутопия.",
        "createdAt": "2017-07-30 06:34:33",
        "user": {
            "id": "105831994080785626680-google",
            "nickname": "Chiffi",
            "booksCount": 25
        }
    },
    "OGteckVDhU": {
        "id": "OGteckVDhU",
        "title": "Эрик (цикл Волшебники и герои, часть 4)",
        "author": "Терри Пратчетт",
        "notes": "Он вернулся! Нет, похоже, вы не поняли. Он вернулся!!! Он - это Ринсвинд, самый неудачливый волшебник на Диске. Правда, на сей раз куда больше не повезло Эрику, начинающему демонологу, который и вызвал к себе в магический круг ходячее воплощение всех бед и неприятностей Плоского мира.",
        "createdAt": "2017-07-29 16:41:30",
        "user": {
            "id": "162444669-vkontakte",
            "nickname": "SMedgaus",
            "booksCount": 8
        }
    },
    "zKlXuT1_qo": {
        "id": "zKlXuT1_qo",
        "title": "От слов к делу!",
        "author": "Ричард Ньютон, Киприан Расен",
        "notes": "в процессе",
        "createdAt": "2017-07-28 16:42:21",
        "user": {
            "id": "241974816-vkontakte",
            "nickname": "Ник Литвинов",
            "booksCount": 112
        }
    },
    "b3rk0DNLCH": {
        "id": "b3rk0DNLCH",
        "title": "Боги, святилища, обряды Японии. Энциклопедия Синто",
        "author": "",
        "notes": "http://www.ozon.ru/context/detail/id/5524641/\n\nв процессе",
        "createdAt": "2017-07-28 16:41:06",
        "user": {
            "id": "241974816-vkontakte",
            "nickname": "Ник Литвинов",
            "booksCount": 111
        }
    },
    "BSwfhZNZny": {
        "id": "BSwfhZNZny",
        "title": "Вафли по-шпионски",
        "author": "Вильмонт Екатерина",
        "notes": "Вильмонт в своем стиле. Сказка.... Хотя язык мне очень нравится",
        "createdAt": "2017-07-28 07:47:04",
        "user": {
            "id": "105831994080785626680-google",
            "nickname": "Chiffi",
            "booksCount": 24
        }
    },
    "BHi3eHOEAW": {
        "id": "BHi3eHOEAW",
        "title": "Вино из одуванчиков",
        "author": "Рей Брэдбери",
        "notes": "Книга волшебна. Писать о ней можно много... Трактаты отзывов, как минимум. То, что я её буду перечитывать, и тогда уже, возможно, напишу более внятный отзыв - несомненно. А пока скажу, что здесь в полной мере проявил себя тот Брэдбери, которого люблю - пишущий со светлой грустью. В каждой из историй (да, не постоянно Брэдбери рассказывает нам лишь о Сполдингах) можно найти что-то своё, особенно трогающее, пробирающее до самой твоей сути. Для себя отметила следующие истории:\n1.) про Эллен Лумис и Билла Форестера - конечно же! Однозначно, любимое;\n2.) про мистера Джонаса-старьёвщика и болезнь Дугласа;\n3.) про храбрую Лавинию Неббс и Душегуба. Почему-то ассоциировала эту героиню с собой... Очень хочется теперь быть на неё похожей.\n4.) про беспорядок на кухне бабушки, помогающий ей Творить.\nВ общем, да - получился список эпизодов про женщин ^__^' Но это произведение настолько цельное в своём роде, оригинальное, что каждая часть тут на своём месте. И одно раскрывает другое. И это прекрасно.\nБраво, Рей Брэдбери! Огромное человеческое спасибо за это лекарство для души, нестареющее, всегда, для всех поколений актуальное.\nВ первый раз слушала аудиокнигу в исполнении Е. Терновского.",
        "createdAt": "2017-07-27 16:12:42",
        "user": {
            "id": "2401650-vkontakte",
            "nickname": "joan789",
            "booksCount": 60
        }
    },
    "kofuFrzJX3": {
        "id": "kofuFrzJX3",
        "title": "Вафельное сердце",
        "author": "Мария Парр",
        "notes": "Типичный (в хорошем смысле) представитель скандинавской детской литературы - душевно, весело и немножко волшебно.",
        "createdAt": "2017-07-27 10:03:57",
        "user": {
            "id": "118049897850017649660-google",
            "nickname": "Sky",
            "booksCount": 31
        }
    },
    "yDyrR0Fb8Q": {
        "id": "yDyrR0Fb8Q",
        "title": "Корона пастуха",
        "author": "Терри Пратчетт",
        "notes": "(Тиффани Болит 5)",
        "createdAt": "2017-07-27 09:54:34",
        "user": {
            "id": "118049897850017649660-google",
            "nickname": "Sky",
            "booksCount": 27
        }
    },
    "nk4ne_ZujO": {
        "id": "nk4ne_ZujO",
        "title": "Я надену полночь",
        "author": "Терри Пратчетт",
        "notes": "(Тиффани Болит 4)",
        "createdAt": "2017-07-27 09:53:58",
        "user": {
            "id": "118049897850017649660-google",
            "nickname": "Sky",
            "booksCount": 26
        }
    },
    "_k7PKGpCmi": {
        "id": "_k7PKGpCmi",
        "title": "Зимних дел мастер",
        "author": "Терри Пратчетт",
        "notes": "(Тиффани Болит 3)",
        "createdAt": "2017-07-27 09:53:19",
        "user": {
            "id": "118049897850017649660-google",
            "nickname": "Sky",
            "booksCount": 25
        }
    },
    "j9l_cMg_u0": {
        "id": "j9l_cMg_u0",
        "title": "Шляпа, полная неба",
        "author": "Терри Пратчетт",
        "notes": "(Тиффани Болит 2)",
        "createdAt": "2017-07-27 09:52:39",
        "user": {
            "id": "118049897850017649660-google",
            "nickname": "Sky",
            "booksCount": 24
        }
    },
    "njCxKrXoSh": {
        "id": "njCxKrXoSh",
        "title": "Маленький свободный народец",
        "author": "Терри Пратчетт",
        "notes": "(Тиффани Болит 1)",
        "createdAt": "2017-07-27 09:52:03",
        "user": {
            "id": "118049897850017649660-google",
            "nickname": "Sky",
            "booksCount": 23
        }
    },
    "6fmrHanHoX": {
        "id": "6fmrHanHoX",
        "title": "Мечтают ли андроиды об электроовцах?",
        "author": "Филип Дик",
        "notes": "Плохо, очень плохо (нет, есть конечно и удачные моменты, но историю в целом они не спасают). В документальном фильме о съемках \"Бегущего\" один из интервьюируемых точно выразил мысль - \"как из ЭТОГО можно было сделать такой потрясающий фильм..?\".",
        "createdAt": "2017-07-27 09:49:56",
        "user": {
            "id": "118049897850017649660-google",
            "nickname": "Sky",
            "booksCount": 22
        }
    },
    "4Br31lGagf": {
        "id": "4Br31lGagf",
        "title": "Убик",
        "author": "Филип Дик",
        "notes": "Небо и земля по сравнению с Электроовцами, отлично проработанный сюжет.",
        "createdAt": "2017-07-27 09:41:47",
        "user": {
            "id": "118049897850017649660-google",
            "nickname": "Sky",
            "booksCount": 21
        }
    },
    "KtKC0NzY4Q": {
        "id": "KtKC0NzY4Q",
        "title": "Убийственно тихая жизнь",
        "author": "",
        "notes": "(Старший инспектор Гамаш 1)",
        "createdAt": "2017-07-27 09:38:20",
        "user": {
            "id": "118049897850017649660-google",
            "nickname": "Sky",
            "booksCount": 20
        }
    },
    "LVAQsLXYtX": {
        "id": "LVAQsLXYtX",
        "title": "Смертельный холод",
        "author": "Луиза Пенни",
        "notes": "(Старший инспектор Гамаш 2)",
        "createdAt": "2017-07-27 09:37:44",
        "user": {
            "id": "118049897850017649660-google",
            "nickname": "Sky",
            "booksCount": 19
        }
    },
    "smh1xRCfaV": {
        "id": "smh1xRCfaV",
        "title": "Самый жестокий месяц",
        "author": "Луиза Пенни",
        "notes": "(Старший инспектор Гамаш 3)",
        "createdAt": "2017-07-27 09:37:06",
        "user": {
            "id": "118049897850017649660-google",
            "nickname": "Sky",
            "booksCount": 18
        }
    },
    "hCqqm8f7V4": {
        "id": "hCqqm8f7V4",
        "title": "Каменный убийца",
        "author": "Луиза Пенни",
        "notes": "(Старший инспектор Гамаш 4)",
        "createdAt": "2017-07-27 09:36:27",
        "user": {
            "id": "118049897850017649660-google",
            "nickname": "Sky",
            "booksCount": 17
        }
    },
    "J2ASGDlI_7": {
        "id": "J2ASGDlI_7",
        "title": "Жестокие слова",
        "author": "Луиза Пенни",
        "notes": "(Старший инспектор Гамаш 5)",
        "createdAt": "2017-07-27 09:29:56",
        "user": {
            "id": "118049897850017649660-google",
            "nickname": "Sky",
            "booksCount": 15
        }
    },
    "DcVj8ugWgH": {
        "id": "DcVj8ugWgH",
        "title": "Здесь мертвецы под сводом спят",
        "author": "Алан Бредли",
        "notes": "(Флавия де Люс 6)\nПожалуй, самая скучная книга в серии (к тому же так и не развил автор нормально тему с оживлением трупа).",
        "createdAt": "2017-07-27 09:28:51",
        "user": {
            "id": "118049897850017649660-google",
            "nickname": "Sky",
            "booksCount": 14
        }
    },
    "XgaTzRHbfL": {
        "id": "XgaTzRHbfL",
        "title": "Абсолютные миротворцы",
        "author": "Дивов Олег",
        "notes": "Обожаю Дивова!!!!",
        "createdAt": "2017-07-26 05:46:38",
        "user": {
            "id": "105831994080785626680-google",
            "nickname": "Chiffi",
            "booksCount": 22
        }
    },
    "xj0dp27fw7": {
        "id": "xj0dp27fw7",
        "title": "В начале была командная строка - Стивенсон Нил",
        "author": "",
        "notes": "In the Beginning... was the Command Line",
        "createdAt": "2017-07-24 02:52:57",
        "user": {
            "id": "3621623-vkontakte",
            "nickname": "abzagir4ik",
            "booksCount": 88
        }
    },
    "oXcuwlejvS": {
        "id": "oXcuwlejvS",
        "title": "Мрачный Жнец",
        "author": "Терри Пратчетт",
        "notes": "Время... Смерть... Слишком много о чём можно подумать после её прочтения",
        "createdAt": "2017-07-23 16:49:17",
        "user": {
            "id": "2352103981-twitter",
            "nickname": "Eji_tyan",
            "booksCount": 30
        }
    },
    "zvue16UM6o": {
        "id": "zvue16UM6o",
        "title": "Дина: Чудесный дар",
        "author": "Лине Кобербёль",
        "notes": "Книга 1",
        "createdAt": "2017-07-23 16:43:50",
        "user": {
            "id": "30558181-vkontakte",
            "nickname": "EsterHani",
            "booksCount": 121
        }
    },
    "aXj7Y5zN0Y": {
        "id": "aXj7Y5zN0Y",
        "title": "Сага о Рейневане: Башня шутов",
        "author": "Анджей Сапковский",
        "notes": "Книга 1",
        "createdAt": "2017-07-23 16:42:39",
        "user": {
            "id": "30558181-vkontakte",
            "nickname": "EsterHani",
            "booksCount": 121
        }
    },
    "hF5eKTno3r": {
        "id": "hF5eKTno3r",
        "title": "Зодиак - Стивенсон Нил",
        "author": "",
        "notes": "\"Окружающая среда: то во что превращается природа, если ее не охранять\"",
        "createdAt": "2017-07-22 11:22:32",
        "user": {
            "id": "3621623-vkontakte",
            "nickname": "abzagir4ik",
            "booksCount": 87
        }
    }
}