{
    "X-fHt-4quj": {
        "id": "X-fHt-4quj",
        "title": "Дом на краю ночи",
        "author": "Кэтрин Бэннер",
        "notes": "Такие семейные саги, где описывается жизнь нескольких поколений, мне читать еще не приходилось, интересно. Итальянский колорит тоже добавляет разнообразия.",
        "createdAt": "2017-08-03 05:11:10",
        "user": {
            "id": "118049897850017649660-google",
            "nickname": "Sky",
            "booksCount": 36
        }
    },
    "28K6g8pNzb": {
        "id": "28K6g8pNzb",
        "title": "Остаться в живых. Психология поведения в экстремальных ситуациях",
        "author": "Лоуренс Гонсалес",
        "notes": "В процессе\n\nhttps://www.ozon.ru/context/detail/id/27071402/",
        "createdAt": "2017-08-01 19:09:53",
        "user": {
            "id": "241974816-vkontakte",
            "nickname": "Ник Литвинов",
            "booksCount": 113
        }
    },
    "3qwNK1ncxc": {
        "id": "3qwNK1ncxc",
        "title": "Учение Дона Хуана",
        "author": "Карлос Кастанеда",
        "notes": "Книга в формате разговора ученика и наставника.\nПозволила мне по новому взглянуть на то, чем я занимаюсь и то, в чем мое истинное предназначение по жизни.",
        "createdAt": "2017-08-01 06:41:08",
        "user": {
            "id": "209723-vkontakte",
            "nickname": "okfine",
            "booksCount": 3
        }
    },
    "vhJjFDBNN1": {
        "id": "vhJjFDBNN1",
        "title": "Синтаксис Любви",
        "author": "Афанасьев",
        "notes": "Огромная и скучная книга о классификации всех людей по 4 типам личности:\nВоля\nЭмоции\nЛогика \nФизика\nУ каждого человека есть эти 4 начала, расположенные в в порядке убывания.",
        "createdAt": "2017-08-01 06:35:40",
        "user": {
            "id": "209723-vkontakte",
            "nickname": "okfine",
            "booksCount": 2
        }
    },
    "shYavLiFe4": {
        "id": "shYavLiFe4",
        "title": "Сила Воли",
        "author": "Уолтер Мишел",
        "notes": "Книга о том как мотивировать себя делать сейчас скучные вещи, чтобы достигнуть глобальных целей.",
        "createdAt": "2017-08-01 06:32:44",
        "user": {
            "id": "209723-vkontakte",
            "nickname": "okfine",
            "booksCount": 1
        }
    },
    "1hMEJ-mNh2": {
        "id": "1hMEJ-mNh2",
        "title": "Между Огней",
        "author": "Олли Вингет",
        "notes": "Продолжение После Огня.  \nОчень жалко Лисенка",
        "createdAt": "2017-07-31 20:42:37",
        "user": {
            "id": "105831994080785626680-google",
            "nickname": "Chiffi",
            "booksCount": 26
        }
    },
    "-hoomYyxT9": {
        "id": "-hoomYyxT9",
        "title": "Почти идеальные люди. Вся правда о жизни в \"Скандинавском раю\"",
        "author": "Майкл Бут",
        "notes": "",
        "createdAt": "2017-07-31 11:36:56",
        "user": {
            "id": "103293621948650602575-google",
            "nickname": "Lost in Frost",
            "booksCount": 91
        }
    },
    "FEIGTlLP6g": {
        "id": "FEIGTlLP6g",
        "title": "Превращение",
        "author": "Франц Кафка",
        "notes": "Повесть",
        "createdAt": "2017-07-30 21:01:32",
        "user": {
            "id": "380554090-vkontakte",
            "nickname": "idsimonbell",
            "booksCount": 33
        }
    },
    "Wj1S7TP20a": {
        "id": "Wj1S7TP20a",
        "title": "Скорбь Сатаны",
        "author": "Брэм Стокер",
        "notes": "",
        "createdAt": "2017-07-30 18:13:33",
        "user": {
            "id": "380554090-vkontakte",
            "nickname": "idsimonbell",
            "booksCount": 32
        }
    },
    "3ZsSCvcms_": {
        "id": "3ZsSCvcms_",
        "title": "После Огня",
        "author": "Олли Вингет",
        "notes": "сказка-антиутопия.",
        "createdAt": "2017-07-30 06:34:33",
        "user": {
            "id": "105831994080785626680-google",
            "nickname": "Chiffi",
            "booksCount": 25
        }
    },
    "OGteckVDhU": {
        "id": "OGteckVDhU",
        "title": "Эрик (цикл Волшебники и герои, часть 4)",
        "author": "Терри Пратчетт",
        "notes": "Он вернулся! Нет, похоже, вы не поняли. Он вернулся!!! Он - это Ринсвинд, самый неудачливый волшебник на Диске. Правда, на сей раз куда больше не повезло Эрику, начинающему демонологу, который и вызвал к себе в магический круг ходячее воплощение всех бед и неприятностей Плоского мира.",
        "createdAt": "2017-07-29 16:41:30",
        "user": {
            "id": "162444669-vkontakte",
            "nickname": "SMedgaus",
            "booksCount": 8
        }
    },
    "OILh-TnejI": {
        "id": "OILh-TnejI",
        "title": "Fallout Of Equestria",
        "author": "Kkat",
        "notes": "",
        "createdAt": "2017-07-28 20:51:05",
        "user": {
            "id": "102763689513347752702-google",
            "nickname": "Gregor Bjdantukevich",
            "booksCount": 1
        }
    },
    "zKlXuT1_qo": {
        "id": "zKlXuT1_qo",
        "title": "От слов к делу!",
        "author": "Ричард Ньютон, Киприан Расен",
        "notes": "в процессе",
        "createdAt": "2017-07-28 16:42:21",
        "user": {
            "id": "241974816-vkontakte",
            "nickname": "Ник Литвинов",
            "booksCount": 112
        }
    },
    "b3rk0DNLCH": {
        "id": "b3rk0DNLCH",
        "title": "Боги, святилища, обряды Японии. Энциклопедия Синто",
        "author": "",
        "notes": "http://www.ozon.ru/context/detail/id/5524641/\n\nв процессе",
        "createdAt": "2017-07-28 16:41:06",
        "user": {
            "id": "241974816-vkontakte",
            "nickname": "Ник Литвинов",
            "booksCount": 111
        }
    },
    "K5n0OrmfA-": {
        "id": "K5n0OrmfA-",
        "title": "Хребты Безумия",
        "author": "Говард Филлипс Лавкрафт",
        "notes": "",
        "createdAt": "2017-07-28 15:39:00",
        "user": {
            "id": "103293621948650602575-google",
            "nickname": "Lost in Frost",
            "booksCount": 89
        }
    },
    "BSwfhZNZny": {
        "id": "BSwfhZNZny",
        "title": "Вафли по-шпионски",
        "author": "Вильмонт Екатерина",
        "notes": "Вильмонт в своем стиле. Сказка.... Хотя язык мне очень нравится",
        "createdAt": "2017-07-28 07:47:04",
        "user": {
            "id": "105831994080785626680-google",
            "nickname": "Chiffi",
            "booksCount": 24
        }
    },
    "voJkKDB32q": {
        "id": "voJkKDB32q",
        "title": "Портрет Дориана Грея",
        "author": "Оскар Уайльд",
        "notes": "",
        "createdAt": "2017-07-28 06:55:57",
        "user": {
            "id": "103293621948650602575-google",
            "nickname": "Lost in Frost",
            "booksCount": 88
        }
    },
    "jWzMCXRHA8": {
        "id": "jWzMCXRHA8",
        "title": "Эффект Бабочки",
        "author": "Джеймс Сваллоу",
        "notes": "",
        "createdAt": "2017-07-28 06:55:20",
        "user": {
            "id": "103293621948650602575-google",
            "nickname": "Lost in Frost",
            "booksCount": 87
        }
    },
    "74J4tSgSeS": {
        "id": "74J4tSgSeS",
        "title": "Затмение",
        "author": "Стефани Майер",
        "notes": "",
        "createdAt": "2017-07-28 06:52:27",
        "user": {
            "id": "103293621948650602575-google",
            "nickname": "Lost in Frost",
            "booksCount": 86
        }
    },
    "nP7vItDKPQ": {
        "id": "nP7vItDKPQ",
        "title": "Новолуние",
        "author": "Стефани Майер",
        "notes": "",
        "createdAt": "2017-07-28 06:52:20",
        "user": {
            "id": "103293621948650602575-google",
            "nickname": "Lost in Frost",
            "booksCount": 85
        }
    },
    "INaY9zc0_D": {
        "id": "INaY9zc0_D",
        "title": "Сумерки",
        "author": "Стефани Майер",
        "notes": "",
        "createdAt": "2017-07-28 06:52:11",
        "user": {
            "id": "103293621948650602575-google",
            "nickname": "Lost in Frost",
            "booksCount": 84
        }
    },
    "N-WJOWxn1M": {
        "id": "N-WJOWxn1M",
        "title": "Любовь к жизни (рассказ)",
        "author": "Дж. Лондон",
        "notes": "",
        "createdAt": "2017-07-28 06:49:47",
        "user": {
            "id": "103293621948650602575-google",
            "nickname": "Lost in Frost",
            "booksCount": 83
        }
    },
    "lfrgEe3YKv": {
        "id": "lfrgEe3YKv",
        "title": "Белый Клык",
        "author": "Дж. Лондон",
        "notes": "",
        "createdAt": "2017-07-28 06:49:31",
        "user": {
            "id": "103293621948650602575-google",
            "nickname": "Lost in Frost",
            "booksCount": 82
        }
    },
    "QL-k4h0DWg": {
        "id": "QL-k4h0DWg",
        "title": "Морской Волк",
        "author": "Дж.Лондон",
        "notes": "",
        "createdAt": "2017-07-28 06:49:14",
        "user": {
            "id": "103293621948650602575-google",
            "nickname": "Lost in Frost",
            "booksCount": 81
        }
    },
    "o63zXFQ3kU": {
        "id": "o63zXFQ3kU",
        "title": "Человек, который смеётся",
        "author": "В. Гюго",
        "notes": "",
        "createdAt": "2017-07-28 06:48:40",
        "user": {
            "id": "103293621948650602575-google",
            "nickname": "Lost in Frost",
            "booksCount": 80
        }
    },
    "eIpjZEgzp_": {
        "id": "eIpjZEgzp_",
        "title": "Узница Шато-Гайара",
        "author": "Морис Дрюон",
        "notes": "",
        "createdAt": "2017-07-27 21:02:44",
        "user": {
            "id": "215227771-vkontakte",
            "nickname": "Clémence",
            "booksCount": 2
        }
    },
    "k6v5JD2rRI": {
        "id": "k6v5JD2rRI",
        "title": "Железный король",
        "author": "Морис Дрюон",
        "notes": "",
        "createdAt": "2017-07-27 20:59:32",
        "user": {
            "id": "215227771-vkontakte",
            "nickname": "Clémence",
            "booksCount": 1
        }
    },
    "XP1mLBitGh": {
        "id": "XP1mLBitGh",
        "title": "Похороните меня за плинтусом",
        "author": "Павел Санаев",
        "notes": "",
        "createdAt": "2017-07-27 19:49:25",
        "user": {
            "id": "2352103981-twitter",
            "nickname": "Eji_tyan",
            "booksCount": 31
        }
    },
    "BHi3eHOEAW": {
        "id": "BHi3eHOEAW",
        "title": "Вино из одуванчиков",
        "author": "Рей Брэдбери",
        "notes": "Книга волшебна. Писать о ней можно много... Трактаты отзывов, как минимум. То, что я её буду перечитывать, и тогда уже, возможно, напишу более внятный отзыв - несомненно. А пока скажу, что здесь в полной мере проявил себя тот Брэдбери, которого люблю - пишущий со светлой грустью. В каждой из историй (да, не постоянно Брэдбери рассказывает нам лишь о Сполдингах) можно найти что-то своё, особенно трогающее, пробирающее до самой твоей сути. Для себя отметила следующие истории:\n1.) про Эллен Лумис и Билла Форестера - конечно же! Однозначно, любимое;\n2.) про мистера Джонаса-старьёвщика и болезнь Дугласа;\n3.) про храбрую Лавинию Неббс и Душегуба. Почему-то ассоциировала эту героиню с собой... Очень хочется теперь быть на неё похожей.\n4.) про беспорядок на кухне бабушки, помогающий ей Творить.\nВ общем, да - получился список эпизодов про женщин ^__^' Но это произведение настолько цельное в своём роде, оригинальное, что каждая часть тут на своём месте. И одно раскрывает другое. И это прекрасно.\nБраво, Рей Брэдбери! Огромное человеческое спасибо за это лекарство для души, нестареющее, всегда, для всех поколений актуальное.\nВ первый раз слушала аудиокнигу в исполнении Е. Терновского.",
        "createdAt": "2017-07-27 16:12:42",
        "user": {
            "id": "2401650-vkontakte",
            "nickname": "joan789",
            "booksCount": 60
        }
    },
    "uXuHDzSupr": {
        "id": "uXuHDzSupr",
        "title": "Открытое море (4)",
        "author": "Анника Тор",
        "notes": "",
        "createdAt": "2017-07-27 10:09:10",
        "user": {
            "id": "118049897850017649660-google",
            "nickname": "Sky",
            "booksCount": 35
        }
    }
}