01uEPf0DiW,QVIPj30DZg
02joyxEPF6,-oyDDw2C41
07CtcFFQpE,C9Uf8o7pgm
0D4ypZqazl,V7KDZrdXK8
0G9VLnFtyb,sPsimIrthj
0HbDVLs3ML,erzwxhrq-L
0M8iprFPIp,XvZSCFjZkS
0OeJCQK6do,ARsvphVtcb
0P73AMaOvS,G-WnT2-C_z
0PGUjmHokY,7shra0CGwk
0PZyVvQ4IS,gCEIaWB4wW
0SOTo4VgOr,qWA6s3THDn
0V26hkK2Eu,ana3kwJxpC
0YDxH5W3V6,F5xr9oQ0j2
0eMpuGqC0s,RTkR87438Y
0gdVFkLWnP,WOJGMxaQya
0hHSag9DLr,1aFHBERzXR
0hxrgFiqcz,p8Vcsc9-ac
0iz0btWkRZ,pPll-Zh3na
0jRT2RNkdb,d9ChVxD6hc
0ja4UHXS9l,am6OZrAZ5l
0lUOQhYPWY,PtYQCAE9jT
0lZC3SwX4m,Viws23HwQg
0mgTfVJEdP,GdPJC3-Bar
0mhvAXUyo5,rX3vcH20pI
0nFrH7NjLI,pgq9XmZce5
0rBN2FcSJF,NglR1oLhXt
0rgHAEiDb9,nWENAbrbRK
0ssTy9KvYI,pd8LJZfazN
13CZyl0S6z,WfPlVK353r
14r02BdMT8,s8q3ZBneV1
17VnLGqrFN,FIsvVv9Osi
1BCRpXHSOQ,9zOImi9lZ1
1BEHFKveEo,V3ajL_Z7jb
1Cu0jqyuWr,yI5aUWV-nC
1EjfYD2pL4,7Lef-kCA6h
1FZ7G5GHio,OdlpK5ixkw
1GRvjn6i0E,tg3ApOO7bJ
1IYY6rsfcd,vuiH0me02-
1KkLlPAPg4,VA87vlEv8d
1NUe9xviq1,tuwqsaHn88
1PX8mOnSp3,vLoeqjXX_Q
1RA9SNvPOf,687hyech47
1T978irfde,UvmBCI3ZeP
1UUMzdgTFQ,PJ180mTQQd
1Vhxh1aeFC,bL2Ax8iBg4
1WoK2ZV2nX,t5tMiruPgu
1aIFfRU8gV,PupvtGwPTU
1aLODrUofO,0pRep3C0Rq
1bk4i6buJs,MmsyvGRxoW
1g8rsuZkzm,WHFhZFrMCO
1gReJFAfFP,hrg91YbvEQ
1hJVMrWO80,0Lf7wyKTkR
1jdXQrMTkw,UbZd5cGhPl
1my3Sr9MLQ,23Cuxst2zu
1pT1dHJoBo,MDKLWjhICI
1pWZfUekmK,nIbjBA_hvl
1q6DhgIVbn,h15Cv3LV8x
1r9DZeEJjm,rmssOHQRRF
1rL1qBkoY6,Pptnn9tSkt
1s8X5LzdA8,JT5_qNyaqn
1sLWgHvtxG,v9iUwlUxg0
1tld0DRJ5C,e1kJCh3Nhp
1uI7WeWOtB,V38trXkS56
1xBJbOaAL6,9fAS90UHGo
1xgInwWMiz,gCetuKrgzB
1y9sDGqF5p,OfX3qTdwtG
1yByXjSAEe,QJDJYwnNQy
21cBidwgfM,DWpLHpP9d-
24CNnqHsfd,1AKvELRYeQ
297mbAgzUT,sFQ8BKNjD4
2E2D0a2mLs,KHlqJn1vs7
2F5YrMO5vs,ehdtOssf6t
2JX4G0rCOW,7aHv6-6eEm
2KEkwNQ8nT,iJlaqdD6nA
2LdtUc0QTs,9nJCq4zjs4
2NakOvFhs2,mwNKpwIoLJ
2OdtssvQJO,r1qwGBAvWI
2QyMApF3Q1,ThwCiCx8PU
2SRVeNfq6w,LTd8-AtlfW
2TP8YREsEy,_svNH2OknI
2VtupEkd8v,IL8IDx6FDo
2XX1lXl3sb,75_Spqsnew
2ZsV6KqzI7,zZInA11AMG
2a9P1fusdv,cEP53cPtdZ
2bENiKQEqb,x9C7grF8J4
2bomulvW7j,KzOx0ty7wo
2cMvzX6pY3,DKYQ7JpGfF
2eolRybz1o,U1IjPsYR__
2fBbADAjCT,9v5UtV9Fku
2hrbbEL5yX,F-4aiLNbk7
2jyAQbL9Rj,rr8Sm-4Ba_
2kW9AZA21q,yll-iWlkyl
2r425pkoAS,QPcIaueC5i
2rnOSAWSXF,N9tdp5llPs
2sdh7XVLxI,JUG1jAOXHp
2tMS677k9b,_iKG8ktQuE
2tpZco164k,GjYDejcboR
2vj1rIxvjy,DPIoqA79za
2xy679lNin,7Z_sHSdBni
2ylL8Oxkul,GWp3f0pZdN
30hAKOJXnl,IpG-ezgQzy
33vnhpFhLE,3QebssX2bV
33zTJVgmHn,e2rLAHv_8l
340BfCc306,b-iQK6yy67
34QEcaccCi,dJWQAxMs6D
355VKLa9Cm,Wtt3zOF5ub
35XxoYI7O5,t8SWUrtIkd
36Q6Sl5EvX,AwrAif8jTR
38QQNNSLUh,9N34iFnCt7
38p9YrEMCr,OP69rOLMRj
38v9V0UWMy,2eO277cO7J
39b8jEcKgg,YrC-z8JYqV
3Ak2voeFk6,NRg49Nw_Sz
3CrnnuFeQC,eUeCVJIFE1
3Dj92gnvl0,8n3YThq_7X
3H1ydltn39,6VnVU1o12B
3M5nI60Z94,64eqRjd7Oa
3MN0IhSBU1,_n-38rsSYJ
3NlHHeeeb0,2uJuQHY0gw
3SH8gY5nZ6,mMPAwa_2Pa
3Vcmc5aDhO,npPKUD32DH
3YhARy2AJJ,fsYyrSi5IX
3avVaA6JHy,yBDiguUE3F
3bzT8MOMiE,AEbB-otnDq
3cm1rqRYmH,RwQNb-VCnW
3cnHBLAFzy,i0SA5SVBOo
3ihIVa3An5,cphonXRpU_
3kDJJ5EoIX,gXsv3sIGW2
3kLurZ7d9t,pW75ojmzzS
3lsMLwXepL,MWXepPrD_d
3mRjblw7H9,UxCwRfM-PN
3n9X1a9Gbq,-OUca8DQvG
3q49vSfTYq,q09j0vWDLN
3qLnL87z3r,zA-SKL2cLy
3vEvWvBtRZ,EW8EfLiBFJ
3yalAZkQ7I,QFZeH-Lx8p
41kmNJo1ID,y1MzlFPaT2
43KQdNsmNF,PR7aMNY3lU
43bM0kTvWH,s_0pBCX1ac
44Jakvw2P6,e68TpgE94h
4AvXUfjUXT,Aaa0zQtLQO
4AwLFaqA72,PPsBFR5_qQ
4BdPUitF9K,8xnid-B6E-
4C2EUMOEt9,ToUnhafPAw
4I8cBQxS4u,FNhC0krC1Z
4IrZOxD6bG,Vkf7Z5Xw0g
4Kqg3DOIuQ,4TmUyZLK7L
4M9xGSIW79,jUI8Bz6LP9
4MQ5mZal56,cWFdxalKgb
4QG2RHGXMn,OXIBqci0rp
4RKtlzP9I7,QPDQ7TIsxL
4SduvwExsb,h00sRT0ZPQ
4TwN9sIoff,lPhGX7FB4z
4Zd5UnIjPM,ii80yvmY6-
4gmdkwUE9i,YJGtRozsgU
4jFpKMHlGY,n7USnzDgAv
4lbB8cndpj,TXgB5RTq2C
4mJj1YVsmd,5bpYNMTn9K
4mZlqHfafP,BlXMOruX9V
4n2TQUx3un,z7MidtJIw9
4oZgPiSghY,KkE5Xp840-
4p05AcY2XZ,9z1eXf06_d
4r6iSRGGp9,ijRhoeH2UF
4sEdhFm692,B1VQc0SX4K
4uNJKpVCY0,T7icD2qWLq
4yU7BhSm66,dHApdENrel
5075b2U9nq,shiLRUFP1v
50roez33fu,g76q1sqoC-
56IaXKo6Yr,Kj0ta-OM84
58Gl3JOsiC,plghv6Cur8
58oqPanjJG,RtdVVh6js4
58tbdG3MEQ,cw2vTaEmbn
5CZ0fTPMgr,yTqnCfKafO
5D0zUE4xbo,-9WL1SLbjl
5KcaTvAbJd,exOIrIeoKZ
5Mk8x7tcuJ,FNsd83OOJB
5Nja3m5J1W,iGqprEa-pQ
5R0i9wdENa,a_SQNjauVJ
5RTpDQrOcM,wFjh9Q_vDk
5SsdwsVo3c,20UPjhYtEq
5SwDww1qjN,ecEDNhXSpd
5TO3tcxzdE,VgdoIWQXc0
5U7oglkivT,fwhDUtUFW2
5XQ5KMlXry,I-2ojfeD8P
5bekv5WWeL,LY--0jmq1G
5efq6E4fBJ,Ptzt9yVBWq
5i939iP4b5,7wLree9_7l
5iD9w2haPa,zg7UX_3gur
5k8qqwOR15,kBm8o8mEKC
5neISNCIHz,hKlx9y-bPy
5oElfipNF9,BbBOc2UMj4
5sGgJrUd8V,hfUt1t0Uve
5wVb1eM11B,FqteSZd2oj
5xoxBYi8fv,BjRMBnc9NR
5yefCXx2SK,2WG3VG7zpf
60AsOBiKd3,3ePrVQkiZK
61akROcaor,aYM6HgYgS6
62U2d88eMv,3tz8cX-KwE
62rZInZaKk,c3FIJWbTI1
634DBQhe3W,fAfzqkaZms
66gLNG3zTs,kwQGmGKhtW
67wJNmwnsg,UiUzkDcmYf
6AiQ9ElplZ,_AOpZXwKtJ
6CBgOFSyAa,L-3mWoqWjg
6CUdYal2T4,nGVwjRySX3
6CWd54665u,VoJTyFoxkN
6EihEFFDX3,OZM5ry0Els
6Fhi34tvlv,VpDDM02bqa
6G66caYHby,d5XlZ8-6uS
6L8ayO3jZp,054hR39JDp
6M7bnlwuSu,MbR05_SfKY
6NDm5KMl1A,IkULooB1JN
6NU5URq2z9,HpY51Fl1dX
6QjuINtzw8,O1Te8DpGOy
6UZJQfKS8n,rrM6553XaF
6VvcRdha4W,UcjCNXkpA7
6ZkjA69QnC,O859Tp6Ycr
6bbdgbU8rm,-sB8s-eS4R
6c1pcvpGKn,x3dLf_EUW6
6cGHfWnv8b,m1VMZXUTfO
6d6wVHdmGc,-huboFwDuB
6dbGPzT7pR,YUSAQFBkR0
6ditDRJ5YH,lWh7VyMwp5
6el49AZWVN,5EM-XG9_2U
6iN1ibp3dT,bknQXaW28o
6lDlqpRBGr,LSqAn0TkG0
6lFyakHS2B,JulqPu4BQh
6lf4NKbEH4,IGc_BNRGHr
6qmJSgUwn2,XrdpW5WRah
6raD3E5v1J,tO_fO4YTbr
6reIn9lrXl,7uYD3n84Rq
6shgRKxbDa,2N4OvCy6vi
6suf3mpuBI,wMXIcT_KIu
6txjHfqaIj,ZgO1647Ka-
6vrOviAykE,6Ke1PAMyIJ
6wZHaIGXqa,-0kJgLEzrL
6xhfak8qfo,8xe4IPfLdx
6yZfRwSH5i,NzsuhdVBTM
6zoL6nUotM,4czHDQ2wqF
70c038O376,uYjx1Fwu6E
73YULCDf9V,rsqo4P6Kpc
742xlxPpXP,hsmmRUX8qv
74qJUfWJnb,rITfjtbPoj
76KIalHgbo,x0mV5PwTza
7AGpp2QLp6,04jApcvdNS
7AQq3Mfa5v,y-NXNM7m57
7HsOpmAtJY,t4XuwJGyq6
7I1wHLIPY4,4EFK-xXQuZ
7IOuIYoW4O,rdjQM7HFlb
7JksxhJlCm,5Nex2Sqnod
7NWa3GUbxD,aNEBUdvFPI
7PbOBwDr3m,S8Ay8tSB4S
7RMVkX7rKO,xyp4yZ2gQG
7SOes895TG,bkPpbN8MVF
7Sr0dZNe07,Sb9xYO5Q13
7UCt93AXa1,WWGNgNWv9e
7V4PezS9YC,LGU5AcNylT
7VVqajmY4h,exBdc7cGYt
7ZoB06zXqB,MFm_EZMF-v
7az8w0mtwi,Mj1RzTRBdT
7bJ4E8l3a9,JLf9GkEwVX
7beaNkWJ0J,uMLGUUXMmp
7cPVOmDi1C,M5qzXWhdIg
7dSJFwy4s9,lhcTcDVJpy
7hToFqmj2I,W-TkJ3mf0A
7llG5sEBj9,8SZz3CPOXx
7soCyc0KEi,r0P09qRc97
7tAgzNon4C,EeuoYaljAy
7uDNVk89re,7GVNBe4rVw
7xGZu7zLlj,UHP3ofguTh
840jiPK4Yk,YjS9JRRvQs
85O0g1tFnI,-U-VQfHQhj
8B8zTCT6mb,YOagzeBNTB
8CUOpuga5E,t4qAwB2H6K
8CoirkivBc,33uGe7h4Uq
8DH1cJPPvZ,_yI7eb_BpB
8FwU3Ew4xU,uIl5USI8Gf
8GIFRCvHsT,Q2AvcBZyi0
8GUf6C76Vh,JhocAikpG4
8JFhrEvd2g,6vhZldGjkp
8O6fP9o17i,UnzwZzgpFT
8RIX9iGbec,Q6RVpsWo49
8TlnzUTecV,ayGCamDu-3
8Wo7HVc2Ip,CmjrKItxx4
8Ys9pdVXzS,DslH2Tv5Qo
8YyAjThDx9,tE0ZQR6uUf
8aQg2ZWjOs,-TW5PzLn5Q
8ao2UChfky,ABECwYSW3d
8byyQ0M9mo,yuDu3NpBvm
8d7AEIKMIx,I6T5swto42
8ghjOB9rGn,Sa56d-cxvH
8iMvz6QvSE,eom0ZrppSe
8ihYNhBu7g,bMrDUT_58F
8j66vT5Iq4,m7dIKe2cHj
8lxp8Pccax,v1nrjzJix0
8m2JvbOX0P,wsVvO3r8Zn
8m2swHvfjR,AYA9BV40mI
8okpYrMmzK,8lUHBfZ2-l
8ozl2lcolv,z6rujl02b0
8phQyMeWHn,wSPMEMerVs
8qcUIGuEl3,RN9QXrOY1t
8s2UjLCJJD,b_YqpMXbE4
8wTsJ44TGq,BomeJ72pSi
8xy09s8kEI,7tkkdrSo6P
92WwLaKv7G,bIfCVTGHg9
92ZapsxcNt,0zoVQNKXBZ
96xhkCsZkj,LT7hzUV2Rx
9AurcippaK,PbmBUHsVPK
9Bym9jXWmr,uJPSov1EDt
9Env1mK1Ds,CUrlYlPODG
9FWEYslJjB,nQZfF5pKJk
9JqGvqt11o,71roGWYWfI
9N5FWVBZaq,7EfLUIGeQ5
9Pelh369BQ,C3XKz97GxJ
9QbkzORS1x,_Z_AFX7RtY
9R2jRNvCKJ,KqZ9kb6ZA8
9RIrkcp4dg,XPgiLMPE5l
9RscDYljJ4,Am_YRPdp1s
9W1ML0PtBJ,m9e0D9tyHa
9XBKUUZWg4,prBbkPdten
9YEmQV829X,ky6oXC8csp
9YoT0AwIQ1,7lWwyHsYsX
9anBgoQEw3,dS7H206tH4
9cdutP0OnG,tCWa0IGoww
9crHwDSkl2,HW9UAse12p
9daV8FU2R3,qRABbw1HjT
9fBGKWOYPD,J84mgEK_K8
9hvalDSz8l,IiSOBHDIeq
9jtQ2sWohG,ot-1tK-M59
9lqEVMNzId,fLfpgBuAHl
9pbhgvNgZt,YPDhKFgKzp
9s9kxcuP0x,sXYe590-dJ
9vnr36VwUJ,sdW85Cn2ow
9yA7QXIztK,DhdoCeF6LJ
A3CEYDmJjA,mbsPUSGLBt
A5w00aqJNn,5iSdWjuStf
A6BgZrnCnk,GattMJCv1A
A8keXwCS0a,64O_a7B2el
A9pMioSL7L,yBXqTSGuTJ
A9qs9Ot5LA,mM7ZLikPe2
AA5AiW3Fmf,BObzeoZF3h
AAUpzFrGCy,bDjiJn3KEe
AB9nnulwuh,WhHrLCL57Y
AD9wbdA7q4,Qtr3GQs6BA
AEDOzCab7T,glqANxEULg
AEjDirttmX,uUzyXrHWX0
AKlJXhHQNp,0QlY7LCTPr
AKz1IoPBKZ,IZo2Llc_n7
AMrbMfmRU3,OsvaLwVYci
AMtYVyKs5k,XqH9xjWyFr
AQZ3RYwIaw,UG8qMuycIe
ATUx9Et4hH,BrzTRT7Yq5
ATdFc2F7Qp,RCj7rEHGpn
AW9SER9Ob8,SxAWYABjaD
AW9tl572U2,kMTl1F3yVX
AX7a0SZxCU,Aq_JEbMd6j
AYt14ciQBi,4km1ZeH1Jf
AaQJa9UTuD,nWpjdrligG
AbMdK8e6Bm,NEeaHcCuj7
AjJ4OoIZup,rkWR8z-5cb
AkuPPrWQAp,fkRYtA2xZw
AoelnEsd80,AJ_vNiJnAc
Aq7HCRUfQ3,xqUFbH4xO2
ArxiY33xZw,PFabWOSpzt
Atwwl784Bu,XaVchlgYfl
AweNGB923c,DFKQQ0RIKX
AxiWsQbJZW,-x6mTy0pzc
Az4G62qJNS,0Qp3b7f7xH
B5s5kaBAO1,_Q9ge1DRy8
B63l5jiZIb,-g9yfD_MWm
B8nwY8lkI4,l3x6oHuNat
B9bozXCTqV,5oYWiNs0Ey
BB6VIjRVxv,zB0PHA_ex9
BC3pmQu0tp,gXe7X-UOdc
BC7IMEaCVQ,_EOxWSFdRk
BCsbrgSLZB,SkIobGdhtL
BEENGKXcP7,aTgLprKC_Y
BEoZf7YPSG,uj0pO2bBpZ
BGD7ToR9ga,KPtHiq7XsR
BLCF3T6p2L,Dcwhc_-X4Z
BNazygspoC,4rArDQCd8j
BResS5pyAM,n_mFA5ciTX
BS0O0mMrVr,4wOZ0J1RA9
BTM5ZCwmcx,aC0j3M-7rC
BThGVBzEAA,xbo1CGqtsR
BV7tocM2CA,oeILbQfyrp
BVJM9TGKxp,zXBWuVIF82
BWJiFRLjxm,e-aSYYtPMx
BWKTHD08Z7,MslIU6pOGC
BY1jUIPFP8,9M-fsqSklr
Bbe1xtHl3n,6n3mNNiuJD
BcGfpZLzSp,oA1Qkbh2TW
BcHG49ThA0,sAOBxMZn2-
Bco3y6FKry,hK4ACZ91aA
BgDck4pITX,ipodlRLRKX
BijyhdbKeo,qwPm0iYCV-
BitvdguCeD,pOKK4zdEAq
BlyQOvLD3S,8eKMQxwJpt
Bn0al8uIOp,1qYRhBb4l1
Bu3H3Ci9Z6,KLofsWb2qU
BuG89qpqGL,To-SXjzr25
BuzNsLGuzf,gRjhb9BH94
Bv2y0liQp2,_OzcNPOkNe
BvLjbsY1p1,EQd-jI0dtS
C0Nz25xPII,xueTKQRTGM
C2xVeyyM1m,67vo0cV_32
C3BPQpBQzK,G2_XdDicSr
C6g9mNLrlk,_FjNxT5RWP
C7tgOfucRv,g-KebxviNT
CBobAAhNE7,FBKUke0cF1
CBoqtxWlFJ,lv7RAJgx4P
CCQFX9HIcI,8VGqS0Jem4
CEHHQ73EwM,00cqtbqg_q
CLtyKvj5x1,5fM01SA0_j
CNZCGlIeZJ,Y4BucJrYnX
CNfExMbPuY,gIinVm8253
CSMM7BR0dF,l74gnY_wbk
CTUKuxGUSJ,Ejri2ZqfD9
CU7Nz5uT1D,HTD0f1QYUp
CXm2VMu5SZ,tLxtmHYnZQ
CePGNQ1hIy,aRswFrKgWH
CesrR0GPZR,I-bslpnSh1
ChTFmql6cg,xCt4gYx_Xx
CjugfnfFh6,KqSd_HHSZK
CjxXEPaxgf,xQEcP9Z-nv
CkpNsgaioC,uEaXOcqQmJ
CnUagDBGLO,XdCBGwv2rh
Cp0FHpEREW,ogqb5KMI2-
CqhSB3rNoa,RrRRv6agkB
CthGwK5E9S,iBmUOGukJY
Cw7K515K1i,3hawXtGbRT
CwAyAtRoVt,r4Cs_qR79M
CwTUEHRWrW,7r-M2PyLBu
Cxx1OVhDT7,w3Pjdj4lp9
Cz8t98XZ0m,1566RXWrin
CzXf5GCEWu,KOiaqZhrrO
D14CBM2Gck,1-b_842GmI
D3XeS5VrRt,Qiqp0rLSwU
D6GMJZSLSm,KInr6bXohB
D6qGdAL4Pu,NhSlVrBojP
D9gVPJD8i8,3RfAapOb28
DBtcRoNyW7,4g45yRn5dz
DKm1zcw8If,zroSkqz4UJ
DO2NWZrqBT,eqzpUeQCF_
DPZ3WIkcQZ,t1xn_WXwzN
DSAPcvhwvW,VpILJMGf2Z
DSiC1644c5,KrwJ4hEJOQ
DV35ByiW4u,hWylP7gwV1
DVPKfns0AZ,nT_xUYZKzX
DVX0I1e7W5,n8WWRqy8Ju
DVXYAcmm8u,2YYEevMIoZ
DXCnWwoIB7,Pys4lyQJjS
DYitd70j1W,mYX_pkvCTo
DbI2LY2hih,txCWJyGKg-
DeGgdCyQ7V,jaiYFGoe50
DeGzUbGyYQ,awJf553kwJ
DeX3WQ0cVV,otdKstuHfD
Dhi3HGqxNX,i3ooWYi9pD
DidyP30y4L,01zWGG75Qe
DjPSqpKRKv,MDmV_ZXrtp
DjamrbzdkD,wnIrcTgof_
DkR19BJPnD,6BkNnd72_Q
DkReWYvFXh,xjm5yHmhyt
DqWlqfA6Pq,PeN3Z9Z4Zy
DqdouKzC7n,PadiIbya3G
Dr3DHqImif,H0CA6UIEFd
Ds5aTtgnYr,Ds8EAkhZLR
DtELYJXSy8,PAwRdQs_r0
DtS96x4oMS,WeGR_D8F43
DvC0f4V864,QzeLBYCpJR
Dw8M1zutwC,OJzzoiyN9Y
DxCFfmtgyH,cMXqrkgfVQ
DztLo7gf83,-Oav2DqFZR
E1a9RgYvFi,UaVFIN4mjC
E1kVwHPeS5,x-FOLPGIX9
E4urrX1McN,VLC2Rz_moN
E53JNWxkeC,4lNtI8SXP6
E5rWbUAZhS,q1WcFLoto0
E6ZbClBEAv,kEhh607bff
E7lDBTF5Ev,08r-wGEKEI
E8HWcu4Al6,_-ULvNYhD4
E8t6f3vfnA,89O5gYN93z
E9hzH6LDR9,i666dUqnrB
EBKc1eSnQM,2WaNC0Bs7N
EDNhItTFtr,kuuw0zTqnf
EFF6AB2cB4,0H_aRGYumR
EI0kXNB18h,pnz3kPMuG9
EILXO4dHYn,o1u8NfUcqa
EJvkoojjfV,9mmbeM0knN
EKsXMz6gkm,7IKx2sUDBB
EL47Qdk5Y5,ElINDHdzaC
ENLnxKeK1y,bUxzi4Tk9I
ENqkn6o8cY,zkqSry46E6
EQNJoufQfj,nbcmBhoaFC
ER77vSXTQg,bUJoxhSjDv
EV5yA8lucZ,F7Ua9biyZ-
EXI0Q1qSJ5,iADgE8A-0d
EXgQ6J4elm,ULEFcSblgp
EZ0GrmaGR5,wxmIX4MyVb
EZn7ZnYyAj,7-DooI7-C8
EZodirdi7w,QbjXmqqcS1
EZpSwVjdQf,btZnfY5359
EbpVCdMs2m,Y_Q46q2-R8
EdVjgunCFz,_Xo2Ru1PjO
EjvRFdOp16,SyXF6pk763
Ekh6Ubrcm9,iutgnVS6r6
EktpoBzw1p,EmseY8sELA
ElgHC6OvvG,XWGDCzyB2N
EmPRf2LtVp,Icr2SVuWz2
EnxtucdA7F,J2ZZX7RCjP
Er3JLsBFkB,dEIC0985zd
Erqc3IXvtN,0CGVA_A-e5
Et0x4yucfe,Sm5u_7u6t1
EtPBil3el4,cPejv_DFd2
EuEIC2SNQJ,oOIgrDBC-l
F2OHjUyr8d,WqvVDOmeig
F2ibghSroB,qpXcap7Zlm
F4OV8zrvoU,06LatbX5Lc
F5TyTGwh1F,xq4ZU7IcAF
F6pG7wLNIT,iR9L39VuGM
F7b2kCoH6p,8Jk-7OqEuX
FB6qT2KT22,qFOrmhnmgA
FHkeTdxxzp,43gpTvgPKx
FHpuL9metu,qi6XNGXBlx
FSFABcyuXW,9_SY7e1OuE
FWTU0bFQnI,n43FA7WVYC
Fg8rvALaN5,xCzDCSCXaO
FhspuBwxz8,MGzBx_2KVZ
FiqtV3Punk,FStvsj-5X9
Fki0mPZJzj,cl3ZYRuMIu
Flwh6fRNP1,TV3XGEIm4b
Fm6k6Vys52,4rnqCydB9n
FmkwogYd4E,0LK1s19ram
FpGq6VoG0Z,gxj2HB9eLn
FqE7OpSdrH,C5KTv-R6kg
FvFVG3Wcr1,zA3VgmUGK4
Fy3Fm69wck,Lvfvn_iWpp
G20jwSsTee,AiIXu-RSGX
G2F89bnxvX,ZlOkNPAoq4
G6TVnzJbsI,XgVcmbflUe
G8nrLPw5wa,uvBPQzI4bT
GBgMtmOk9H,a-_00LcKzX
GBxN2hpcVD,veKud8hmiJ
GCDtsHHiQd,uNFdMZuppl
GDpoKEAahl,FpKmzwG5qf
GEUqe7O0em,I_a6-7bFMh
GEipZ3LnlR,63KFVH51Wg
GGH92E2VPa,2NsOnQMZJA
GNLaSiFoo5,MLWyHb7VAb
GPQhHiwtQO,lBxCe2MDtb
GTjt5KFaPf,vxjmKrmjKU
GW6NWhvRD6,7VVI7_JuZ7
GfwskVC3Ev,u68XrLiw7U
GgSw6VQvjZ,jwY5ghrLp4
GlJycaMOrC,xLgJZiycAY
GndoVwHdfK,sAw_-vNyMi
GuNiVthhJm,PLdm79x2cY
H0TcJeqdc0,HqrZNoK9Um
H1evdYpsKn,x2m7-0Qgya
H1qp6MNP48,HOTq0noJkw
H8Ulmbl6Y4,WtTqFPxANG
H8nZyxQN9P,hYJH6jMFZP
HAEOgMy5s3,CxlH1VTPL5
HCMEkRXVPq,943t9sTHVD
HD5VHlGS8a,Zt9KE-mIj4
HGVuBIWbrp,mETKQaOqFv
HGo2aMrCID,L4iEU-xABt
HHFLvunFaB,7mYXzxUeFh
HISUTVhwBj,VpEv8zDtUU
HJqNrpZ4A2,VnVJ9zczya
HJy2qRM8UW,LZ4va9Mv-n
HM9HVIjwVH,uSq5Tmofvk
HMpsQQMNBM,NfXNLQ8B6O
HOuWbrBpDu,h2etgKkdqI
HOwVCWcAWq,e0hJWCbOL4
HS1Tzdasod,1sbpvokV3r
HTZNpHExKT,-70-oFt3Fu
HU7EuGqv5o,tALWrcwPIY
HVB667JFQY,cSfDesxLe9
HWiq9fmBIp,orVMRPDNXE
HXUMz12OJT,2Dd6vZ063i
HbhrdjJlRI,RPI_HGicFe
HeDB6RgNb0,vp3ye17mKp
HehOjQ1rKd,o9JTDc5Dj8
HhGgBH5ae0,lTLEdkdEL5
HilzRhcbSO,tCnToAPQfM
Hl9X65WBfF,sDDskI8eR7
HmstXfJZen,jLcHjz2XfF
HnqAEOemrc,lfrqLNezZc
HpZa6i0DdA,jB7TL9cHQO
HqHGGXm002,Jn4QWhqjJq
HqlmlOSzWC,7fMF86X-Bm
Hugn4HV2CX,Aq_rsf-gyJ
Hxy85vljCh,KqYfyEVcmG
I1qltCTQAa,YlxOeU174A
I5e6HebEm0,53Zusfy_3G
I8mDdxtgBk,099gpc9bvo
ID28qZD3uA,Gsu8XEiUpd
ID5UwOBQyP,Hz6iOBgUQY
IEkiiqoU2v,0MFgqjRj6i
IHkO8Ft717,cDEnq26-oR
IKaSiW1P8V,NcVSeSTtNb
IM9ybudk6t,eLHjqz9eAS
ISDV9wzmz2,8o42PRtkR6
IZyMH52EXZ,FeWzhGSwZ2
Ib8B2I2Ozb,SslLoQX8q6
IbC7bGZMj6,U7C83tM8KJ
Ic4IucCMjF,jprnpiowxg
ImOVVODbkD,CMcwnC2DGy
ImswhXxXAU,h0XCVNoTep
InmKsBkpjp,yeB6brDXy1
IrQyYbl8Be,IzSc0g-SHa
ItYaNhVm5j,c5XMuyyfL0
IvtPXQEm0Z,ZPVu6_BNlA
IzqlG8dar1,29OjXalSAW
J02j1Qme7c,JdTjFJf_Jc
J0Vz9oHxQv,WxDwU-t9_O
J0iwaKlMfK,nzTFrxilgA
J1WKmrSMLi,_AFR2qAZG_
J35FuINImU,kwXrF-GlJR
J3RgJyRGjS,ZeYQZKs393
J96Xxzxskc,22ifH9uAnG
JACWmMKdX8,2SCljVqqfh
JADX1LuwpU,CPWvsx6jta
JAIbXVlMLM,dkbGevTGpL
JAUTmNJGnO,F3mIbKKQgu
JEf85TxwMX,TGfgqOoVsK
JEqlxTW0Wt,xGFlOHuuIx
JHhxEzl7fl,3yt17LoWh1
JMgYUwdPCg,9QbdfKwBt4
JP0a2txCRa,0ZhSWDYs1Y
JV7IAUmJ9G,RYuvbt4Hix
JYw7jm5EJr,SwwXqm0Rot
JadmYvJaM2,uRUrNwrlei
JarLvHt2jd,4Odv3-7B5b
JeKGNU8ZEK,GxRpjL2KkY
Jepm5bll3G,PaDfeVrKSY
JgfS6VY5f6,5gWUBFPmlW
JhqFFyBf46,7XIoxFaXbq
JlJgTUhB69,C3mKEVaids
JlbculhVsI,mmxIgJ9ehk
JlrbsmCjaq,dOujoCKJ0R
JoA9SsdDIJ,S-DyOwGUPp
JoXSUbPp24,uyNhGsm0W_
JpVQKw2mbB,FU0ewP7sYz
JrYG8vwClq,I9y5C3WD1Y
JrjuCblx0O,rVOXPe80Rv
Jrz6bpeAF0,JK8srvz0xF
K1xVVKhTLT,wI7Rjo-b1S
K4iMPxUwjk,L-WuhrG6JN
K4iwZJ7RIs,qRluVefHAX
K4rpmBNvAP,77L3TI49BY
K8AmX5BpR0,-JMLce0p_4
K8Od25R7Bd,ycQGcQq4WK
KAEPRguD2w,6KlGNUiKaQ
KAVPoURqSu,Z_3QvuwjoD
KB3VWzhybO,8gKQ8z8dan
KBd5TfshiR,6XcpNfhjw8
KCnMdKkbHF,tFqcE4ws3X
KDoe2KA3nU,ffL1T4gFiS
KDqMK1tQ87,ckGRl2R90i
KEzYyHLAj3,tPNaFo5kcJ
KFfT2S2wFp,gBDbIw7pmH
KG5Ri9DqbC,vrmV9Vu3Gf
KGu9mcx1qr,OtrqlJEGPy
KL9rsfSbP8,6plo1-68ur
KO0ffRZYg6,tmxnMHJ4rM
KOq3sfxUx4,qGjtTBaQiF
KPQRQXM9Yw,uNTSayyBD7
KPfM0FkIEq,S82xzPHq99
KRMpNwlXhq,AEnA_FEd-P
KRduFxa6Q0,HIfQtX0M-v
KT56vBBVow,k9beaJrmUE
KZE84gUvUV,1FeP8xvcNy
KbeCoPnluc,guO2fvams6
KceuN0rAEa,FUAmMYrss8
KdXX6VkKOz,uWnnABCt5N
KeBl6ZElJz,K78OjNxjEl
KeYMX9v1OR,HEKZ53GzI_
KelUqEbeEw,6zs06zw79J
Khu0Juq0qL,VCXVzKUBXq
KmC12wBsGr,RHpAqGWkdg
KmfFrAkPkw,j48bK0Fe5b
Knh7YFVlMg,zNpCZZKxS1
KroX1A0FQa,VEq4ncA6Om
Ks4xY8CdAR,npqmjFnDyI
KsWYxUp06b,_8oNXlwGiQ
KtDItKkrxj,YZnwF7mqjM
KvR8lkHEfK,2dzRYnXvqP
KweGB32KBZ,-ikzMcB-os
KxzIhqcDtG,U6qnjH2vdv
Kyyx5cFX1s,WE2gm6vAwk
Kz0Cv3qpgW,W-0PJb24Aq
L34Ii9vobl,TSgKCy9tjF
L3Pwwe3tA8,Mn1aWJqOzC
L63gRwd8E7,vl650XS8vj
L8KANjGoIz,wbawwohlmQ
L8fI1rYfRv,e0cbQ_HAVx
LEZTgUfmLG,37WMN6_o8j
LEvWJn3znt,OyyQe_j9ZT
LF0X6AfqGO,p7ZfScpq4P
LFlh2VFgkv,bY6xhUM4EA
LJHwLLZ6Oz,cRy82fVuY5
LKd82MFtVK,d9o5R98sWo
LKh4orEU1Z,cy3vobCV_t
LLu6XFVSHT,2ypiLNSMCS
LNu5fnm99B,hLsJjWEhm9
LPYT5cYG9y,K-DIMy3okp
LRSjCoSeaX,e09oBsNxIJ
LUNqWmeKN5,yukLyZkwNR
LUx2l5KxOx,W5FrlO-bAh
LVdoSBfrl3,o-SZlWJB4i
LWo55BtzFF,2FCmKkfFK8
LWpRNsUME6,mR6D_OV6dv
LX7koQDkGq,5yjPt510e2
LZylXCZsTu,BYhZs2Xapx
LbXNS6H6GS,eC26CIdDAr
LeM1pbcE9x,GG6xKc3lFn
LewDmz501J,mq5tsFR5i7
LfpZz7Ghyt,W1M1s2TZwn
LgRrmmxuPE,mxvmryT03u
LiUfh2OSKM,cDDMmgJDy8
LiW134VyKK,iJRR2ap9-V
LnCRqmuXcZ,aWQbfn46Rb
LqUJIZNefa,Kmer2WKD8n
Lr7jto2mxl,nRsxEbglPb
LrkuYMwwBb,VsaZtm2YEa
LwiioPbtvg,-1ZdF6F2o7
M3YSXk2ytF,gljCd2THpk
M5NO910nMI,Y9k2iXmnQx
M5lVVdxrcr,0iIZSfWMxd
M6Mh83MqKB,e9labgYg7R
MCKvSRaVTb,rdLgrTcZeO
MF1gLpZCbv,mOMAyflJ2W
MFfht9LtTg,RP9u-mzZx4
MGq97bFSju,eo6r2Ma8vi
MHKao217Dj,tVSL0vHcck
MIkrIEUxsU,K0Ba6ohiLv
MJfygjawbt,eX6hGMV0oZ
MLGzup3wYs,M4V0apyXTY
MNvi9nKu46,R2W7G8rmdw
MTaowxCvBd,5aU1kN0rXf
MTavznvNGI,S7ndKV2NUq
Ma1GZEkkaG,y_HFpeAY9h
MdWAauhIaO,buqkVOfJ6K
MgQh50u1Fq,_3tqE-QYMs
MgbR8pZYde,ARHUAoEFkT
MjA7lSGsQi,kBx-p9g5T9
MjY0NuftVk,-ZPmSdlAKD
MkqwuqJwEl,JomRdHx-1u
MqRMb4LYhb,CzOAJQbcI3
Mqctrn4hg0,7RKZIt6t0V
MrZiD9OnLq,pF4sZip4az
MuMpdlorCt,LHnW0-7nwS
MwcGi6nmon,Lo2x2xul8D
MwlFxSin0t,UcHMxgj_RQ
N41C26lcS7,gIlkni3zJ3
N9hCkoa1Sg,iZPp7f1RPJ
NAQBujBjCY,rSoYiVWVLp
NKjDTCxD2C,y420631mfk
NKo6JgNiDC,jW0fvPni0m
NNQtdaJSvG,5T9V8wOP_K
NNsGjMQJal,Qeh7J1LGq7
NQhrfbLsQc,mmCFl2Gtpw
NRuOFA6SVv,PwrK5C6AWz
NSXZHkI2S8,PcQTSWVY1I
NWFglXIJhj,2FTIeZzV1m
NYbdU0bhL2,DBrqAgwrNd
Nb5BEIdVbj,Rss8uCYBL2
Ndky6n2p6O,YxZ_g2QMzW
NeF02Vdiq3,sFkqDKxB8a
NhGbQB4oIj,otXArFpZAO
NigEHnwEYP,Jbx6Xj1wy2
Nlaz8M0CjZ,k5jhXu4D_S
Npu4y3XeuE,UgJ-8IdEgR
NqAa9f6nVH,5lrGrCkSRj
Nqr0bxauWh,kpcN8hGsQa
NrAULsHz5r,ixHQtOEcUs
Nv8lZIgwWl,i6-R-70ZqZ
NyApXd7tSZ,YHIZK5xWah
O1FO2fvrgM,xyS6WUnILj
O4cOUMblhS,xdhJCSBRcd
O9Dafo9hMB,J5O_7rjMpX
OBHUXQJqSg,nGL8_nQid2
OCbgmjLSw2,i_ERmkdSVi
OH7SQTmIEm,s6gSFwtmcT
OHBKoBPsA9,vTLDlwDdfT
OOvnOSlDi6,xgyYvYAahJ
OSN0IK7pFq,vpo4u-jQON
OUJYIPTenG,MXxsxtNmzq
OVKeIUHY7E,qaFpyf8ssj
OXdn81d3kz,CBXhmH32L9
OZ79FDBRnT,ZveDjjzR-B
OZHObT8xTf,jdpp02FTBz
OZMkq7BYZD,PRMf40M9mw
ObK7ACmpRB,-GXjcPsbKy
ObbmeNNQ1d,mZF8Uop3bw
OcouvRSIbF,asZzh9XXn5
OgQqnecUim,LKjBF5Oj3L
OhjFk1DoF8,DWoqsSnwhD
OiWOSi75Ly,qVYGaVlhC9
OkO6irCmCq,2uwhGPujqt
Oky9D4IC1t,me2EvCHLhl
OnLIA3ap0o,ogy71wE_nE
Oo31L0YL7b,pa0hn1R29X
OomCHeuJPL,9j6XKHX-Mu
OpUySvDaOt,6ZcZUkVRCh
OuM241IGcY,FvT06mey1G
Oy22HggqO6,-dTGqHI0qk
P0JBo1whlo,raPybWV9QH
P1oJLhSVqB,5NlMloFQP9
P27nqmM7zk,yamlww197x
P5OQfALEEy,k8qRyO4aD3
P5nRhga3Ap,ENZfcu_GKI
P5wEYG3oce,vYBo6VGXDO
P7ZbcY6UAj,B0BSJS8OyZ
PAxzCA68hk,fs1x4XfkxJ
PCFsRzxZmi,t_OaEytJmI
PFnTLTYA4N,doSWuWZ0Je
PJhVY3ec2Z,CWFeU87fbm
PKOU0zXlFi,RkFetRreJf
PKfc56r2Bq,3eJtQEbQAU
PLx5VD9S11,R-ZfOa0cew
PMk15qp7Uj,u9pPCR4-F3
PNMLuwt0ra,b99YvsAsK8
PUf22yCnHB,Rwv9nLiVtn
PVRgbrlZKw,3JjeYglAoK
PWrwQgxCV2,JRA0Octh4J
PcjwcAGBqT,V2qhEuYJ4t
Pe2Q3LTbW1,PHlEZBTJ7q
PfITL4UqLz,771lbqaq5K
PhKk62IZya,y8_jIJ7gKK
PnHeVF4GiR,ElOpUq4R5V
Po1loIebAv,wD21y1S1Hl
PpSU4y1fhr,ik1Puk5-Sl
PqXdUlpf8T,vEl_-gWHM3
Ps6UHaFUP7,w2XAkQd8Jv
PuLMrZIe7k,3oIVdheCpw
Pz7KDz2gtp,15EzgrvJGr
Q049dxNp7G,g0H3z-H8HE
Q2HV1k0BTE,qvRbePmaZ7
Q2o1gHBYLT,6HS2WgY-ct
Q3OfSISyvh,Tpad72jDWE
Q4X6oFAdVb,o3mFVqdgbb
Q8wYKdVhm2,IX_tujlgBk
Q9PtRdTPBK,QrSUwjqBHr
QApc7iATYf,grphJv_nuS
QBYhxDYsyS,CCz5CbqJ1d
QCYGjRsa5m,X881iZRFVn
QDHGX7Zec2,7SCYuyWyQZ
QJM7qwJ5BE,OswQ6fw6bw
QLBd7IJ7z1,97az_IlFSK
QMXmBn8Gnl,nrXEpKEQ_P
QRuGhoXoJl,zns2Rw-IoV
QWjZLFJQkA,EP7UQZsdc_
QXh9gy0t8f,ApgKmOQJNq
QYHH6QDZV4,eY2_nkXwhw
QaaHTsB3xT,FrBJq8FFwo
Qd3ejCvybj,P6-as5zmb9
QdvWXjzwJe,iB3hFMvZdg
Qe8PmNU4eC,HNVgIQ8gzo
QetshlnUmK,4-PjwmR8AF
QgiSAqOlsN,cCstR-Vcok
QiDEVXM1MY,hjbmwN_gtW
QigaC9mg08,QP621_3Ll1
QpfieUzPP9,uqGMzTBiuV
QprHYynN1A,s41xcqLRW-
Qq8wCuUKYH,Nq9aIIqd9J
Qr64uAVa3l,X8AFAlNVcJ
QrnJQRKgvt,09iSYYtQaK
QrtcgLPaAz,N7pYD1xlwn
QsJfDdXN2z,3KJyOOnJRT
QsjX6wAbpg,VrHCNPX247
QtYTNm2lIN,o5v4KNDbVN
QuLlpOWDKd,8nrBbTEiSi
QwUsdhPDD9,yoQMe_-whF
QyTh1rTipf,fncGztfnGM
R0Vt8oP7lx,Vhqm_Cib6L
R1bBoeKOmd,KYvxmoD2vn
R2vLYrjWWl,2PNlP4XPH3
R7Otlduy7X,ZLTlxpMITs
RFX9zkenDl,embTNQVcJS
RIgpTCdTW0,7Z8F6f1x71
RJg2wsrHwp,9civYRnWtP
RLl7xnO2YE,qz7RcweTP3
RRCWBLUQoy,xAt8yv_uCy
RRjweYIpjm,og5BuS9a9N
RSFhIhrRBs,UQgHIqIyHL
RSakQub12b,sGzRKzThkR
RTlNbjLBBi,047p90_zHx
RUngtzI9P9,rRbyDAcUnt
RVU57IKhKi,M59ys5cjC_
RXsGc6E0tw,LkXjEeUfI3
RXtlLsNFCN,FbevuqVrpp
RYZdN8LPPk,beJdTc8Q9X
RZsssonaKg,F0EQX--amE
RaKoDMpWo7,euyQMvThMv
RboPlBj4M8,M6q0MP9Fzb
RdQhIYZNjz,-bTgszJI3l
RgFMWGd1UN,joljxXB8yP
RhXulwg05s,l1hL2ANBnV
Rk64SSufSv,qQf9b8JGEn
RlzhQ2prbJ,yFyP7Mdoee
Ro8NUK4Oc6,DrXd6lpjxo
Rq4InI0Sqf,caELnUdjlQ
RtAdSpYJWg,k4pc7204bf
RtN3tipwbV,9Bp16KNiYz
Rx1xFLzDp2,6HbwRImhwv
Rx7RBcZx45,EKobsqXTC1
RyottZxTkL,snrkVHpudY
RzqKZB0979,LJKmEVI406
S1k25Gnnb8,UpNR8RnKIj
S3saM3Slc3,0E2VNR6Lr3
S4jdoKvsKJ,DuzI6WoRT-
S4lcMHziyf,skKT4I8c23
S5Rse2WJ73,ZovYw8h1CC
S5pABNZxFU,5tl0pZOKQL
S63EAUt5D1,XyohMj-mh8
S9iSFnZGnp,smC6E4kccp
SAELuKmLsl,lTzduQ58_J
SBO7CGvNBK,OBwLWUVoS0
SBiC4xhJsE,9u5GfhkhLe
SCtmgnCUTP,VMDiCNl9li
SFqZe5B5UO,-1zYco6eMV
SOn4B0GWw8,biIp3s-p_C
SWdCVkgt1x,qPzVGnVtja
SXln1TrtMa,6afNTfDQWr
Sbh96KoQmq,mub4TQvxIn
ScMB2h5iuz,w4oI2CxjyD
SmHMhqQrZM,Aq9cyMUNJK
SnP3bZambL,ySZ_17-tfx
Sr8o2GLQE9,xxKyyP0HKJ
Szj5QMAvhW,9S9FeAga_q
T1BGjDZDWN,OkGQyfKE0r
T4LwztK38E,seDo2okxiB
T6iRn1Orjs,KM-kG8ustR
TBW1JTtJiq,MnVcIITbHK
TH0jbJ4fiK,GxIStCNB6w
TIEvm7t1Qk,r6dCeyDH_O
TPhb1uFLut,AlWwcLpGJU
TSyPgDcsqG,Zn-RJTiZhV
TUD29ThcBX,nT9avRwcda
TURRNRQl7r,4uUK5E4rsq
TWoTlOZinY,dHn8ixy9-c
TYOlUF7jG7,MCaQFsqR56
TZ98XcsVLU,yWSXD54gYD
TZYTjXbsXS,CxnElLxXN7
TbRunzj1R6,vRv_DUxjfk
TblytAVAOV,bo_n1c4yy9
TcJdwzYX6s,ixn4HBKvFg
TfsNaFCLeK,TevjVY-TTh
Thl5PNsOKj,WXb20peu1T
TiB7NPDJYR,m3mQR8CG3u
TiNLMnmTi3,XiFITlItqq
TizVzBYNOI,5W2QsqPGbs
TpyVj7rFjK,btAcSN3mzE
Tq2E8wqYpy,LTorOCV9q7
TqObGxAk9j,dCO2uBKHO7
TtinJYjmTX,9_MBc0INJw
Twk9CyXNns,QX4AIPGlgk
Tygrj5XrQM,b4fctqjNai
Tz1gnu1egi,QrjgOuNwXZ
U0rbhfuVWG,0S7tuX88ag
U5MAzmK12B,6zC1Xgvoa9
U5TtkcvSPU,2XlBlLjJeh
U8ALYejFSg,WSgPhpmAhq
UCw2acplTU,VnKA5JQi-_
UEoiaVPE2F,n95Oq7G-4R
UGwJW2ARRe,LxdpIzc-de
UIUdEAiPjE,-K_bvKr5Xm
UJneRCo5Qm,JTE86Hk0_6
UQEosEdFmm,HcWg__D1gB
UQGqDqTvCK,0hje7HCJqF
UR5EZayVs6,0ApLCXhFtN
URgx2Wdssx,aBSjiOF7yb
UTupjG1XOy,JgM5YY7sJw
UU7EPrt3Zc,S8VONllnPL
UUERtTomjJ,eutGDyh3gt
UVVoHiAtXT,cFirm4JmuQ
UWoiUa7ndO,r67zHaF7ya
UcZw0Zq9x1,FzVylWZf4U
UebMQxOw5h,JsruUyaHgL
Uf2EJzE8M3,oH098UUpFb
Ugawfk4B7u,sfnLw5Ezjp
UloKaEoeyQ,JKqdRFJqdd
UmTYJJ2CKx,v4haELnegR
UoWlu2hxEF,bmRc0CQq3e
UpNbOoVz8C,QVzFgZO6Wb
UuiNpDuN7m,dv1V00Nh2z
Uv2cyhPQXM,5rhIvD6hJm
UvFXt1lEEV,eOGJh-ZFaB
UzVKWiu4Ti,wWuy0L8rkb
V03Xb66Ycw,m9W7BiUUbW
V3oC97cgZr,SWN4V3FbCB
V4H8tr0Yze,x9kdKDtMUp
V7LcnWI9Zc,h5JJUAjG6o
V9xHcD2NRs,x55rM5bpmT
VA9nY6tVuy,i_0OMRUTmh
VC7CaLGWtd,qwYq1V5ExV
VDp12x1mMd,PZGkAXqzXM
VJo9ibK4R1,kFu24Kshnm
VKxrZ1eIom,md8MCo-uUE
VNNWvxUli3,SNE8hRaEzx
VNrpCORtsX,fj1FgNICNP
VTcWv2vxPZ,brobm84dbP
VYCd5piyZs,QWQx-iaphe
VYRtspFV3W,YqYAsGz4B9
VYd27imfEN,hePVx118_8
VZCaxWWKHI,l9MP1EmhDN
VapPtuTJUu,e3PVkd2UxF
VbDKcxStmh,35TguRjZjt
Vc0Epm1CQr,kAmUQr2uA6
Vjl4tylOvV,-hQjo1uE7h
VmyD5uDnOr,RN9UJVXTwD
VnJGG90o6G,enMkIr15qX
Vqw1lHFVCb,C7MYVFy0GD
VqzNa8pBJ8,X6dzyVQlwX
VtEQy0krFL,kmCzokCm69
VuP9a20jJ6,CV8135gShc
VynmvqYXpv,D-gpD9OQd6
VzpkajVRAj,CNmsDIjl-R
W0GREtfEov,HqLXB8oagZ
W1X0ueQ3c0,nwvl8ZCZro
W1vxbdi48y,GZGMF_waei
W2VLRdINNF,CmuY3FnJN8
W6roV09mgE,WF0NArOLS_
W76vv7gq98,MGOFJNX9Yz
WAb71DbzdD,ycHOOfanw2
WCOkc3muJO,shoSmoRaJs
WDNRp0Ops5,ZIyZZyeair
WFva5rUHYe,pEcbS9s-ta
WHq1wXhCtv,EwJxaZMzg1
WKLmUpkaN4,ikXXKggRfX
WO6091g8Ek,z3ceC9Gv9D
WOlC0Co52r,u4zoiBgYvO
WS3F85DmSv,wS-iESCVPV
WUsJniBOVD,ssuSdZGlTu
WXpGxV65aC,S4JA-xzjD2
WXzkgjvU2c,swiuqYuSqK
WYW8oGkEaT,3eGmjnoJW6
WYjS4JaVpk,hssxM6d4WW
Wa9tWidEPI,OjFg3LsK6N
WbLmSLcV9s,AdrTW06bt7
WcxuGnZVjv,dUnCzJlLIP
WivDdHPigk,MwmcLeSDP3
WjhgRNkPbF,FlJaC9eGtC
WoWGBPawba,-vp9yMgvu3
WpbgjjMzXQ,l7Cdr7bjwT
WqVyyf848P,MJTxSOooYa
Wrn78aT0KP,SGakwQRlo-
WuRs3qbGB9,22MYhNFIOJ
WuebysI0hX,WSAIMMzykU
X5O643O5As,B77QYJZYd2
X79uBEOgmN,iQ1AOMh-Ha
XAzMY8vckf,fBNLLVy-z6
XBV4ZrXhAD,7L5lzEtc5W
XE32eZd6SS,dD6QFMyzS9
XHJ0kRRdh0,iWZKlbh4Vk
XN7cQKFbpF,xfYL51l_dP
XO0v8hy9zR,iGiNdeuyA0
XOuJDDMfz6,FoDhjI3B_o
XQTfi0UOBR,GKDQ4B9Wqp
XRRPoGj8PZ,ffCLkgwTqw
XXeRH8sg9R,0YDYvohEOt
XcRxoHApxW,x032v-xEUO
XdiCwoisMl,JG2tGIVWlG
XeEKw6C8pr,AuZlnTPlCJ
XeeCuy3o0Z,Mqv-MypqD0
XffPijeApk,xlDkrLhVdG
XkHmq1cRY1,paFUE3o0bv
XomRNbdhmb,kukhYgSBc8
XpQt2KxmcJ,Cr3-e6jnI4
XqWtqsRO17,d1eQo-74bJ
XuvieK0pij,Vt_roAAOUr
Xx4ybmcZ2W,ZsOiKgKLor
Y0i8jOSfj9,XsgpNl_zxk
Y0x2uKaKlF,BHa8Ettgko
Y1NXl6fgVE,5XkG3E48zi
Y1umW40ICs,0XCmWBSrb_
YA1DAPctud,F7EKAtoPR9
YBedb8pYwT,kV2Bw8Qinc
YBx5Z4ba2h,ByzXlxs_M_
YDFJyXhB3K,mGLlCpcjlk
YDLILDZpjv,XCtGhNypMM
YGY08GrqUN,hQ26_upbPl
YJ8y9BQ8O1,yD6hIkELbQ
YLKJjaWC9L,r842SKbIA-
YNgXmY2V36,4-oYz9K8zr
YOv8uPtJuz,0xgtTWVxe2
YQ1N4QavnD,8AZAWXsLqY
YWzO7F7JqX,CF-ZrA12Ri
Yb8OU3wAPv,bzFa8bju-O
Ybm148fS35,Lyi79v91a8
YcYM0I8ksF,GOsTSnQ0Aj
YhT0pAbXWf,WhcfkTkBlz
YhgfOcgaas,i5w8hvr6Nl
Yi4BGOm8Uf,d3BK4TzIPc
YiKGH7YPYg,xzRiRKRqD8
YlHAKFgkW5,lgJZd3j5Yx
Ym89Iy0vKH,g889toMrz6
YoqLPjHPZp,7b4bBPOPTN
YpZEZS7U4Q,GBds-QIwQK
YqEdQRoQxI,TUT8WXZzTl
YqoZzgLg3J,miyfXkKfvn
YrKXgdNLTr,hGU921ITSg
YrPAZHG8ff,EPhEfhdVOZ
YsuyGxKVws,bf8G4vIvvj
Yuf1PWU8VA,Xt7pro2lIg
YvXLoZug6L,8CeR7HSKY2
YvbnMYBPxP,yK3M5ZK_pR
Yw7Da56VlV,f7nz77YkrR
YwbbZ39HeT,AU5j0S04i8
YwcN0Dqz82,jSTStPrxpe
Yz7tridgle,61NnqhRwrX
Z1LEwB4ioH,Ck64YS6H38
Z3YoXKEoRC,MYyp9TOBZ7
Z5ixxpvQvB,Gtbt3iJBPn
Z6jtSHx9iH,s3ts6496lo
Z6xWtWGLXo,vJuvrrZIJL
Z7O8v4viW0,DSDLj17_2r
Z7bEl1HdxO,-sw25s-wMQ
Z9XAqLoVmU,fzjUCm2Hbz
ZAae3zaZwf,08JcD9zzUP
ZC25G5FCb0,OMeptirPeK
ZCamzCYCfF,Q875e1lqFa
ZDC8OLhtvP,T5vu_tG5GA
ZFo3q6oD7i,G3CZZyL4kF
ZFzhVq3iA7,rK7rHFS7tt
ZIdVDv8B3F,3UAKgHsKox
ZO2Y1tziyj,QjGfQ3z_xK
ZO67RguVyH,N72eUnHfj3
ZQ0AaHHJnI,PXfq61LY1C
ZSgPh5bfcG,6RTsm9Xe0B
ZTaALeWpL8,EQiIuDGFsc
ZUUDcaJiUw,-7D-pQT8tF
ZVIXSZP2zM,j3_Lc6MATV
ZZ2OtWR6wo,_nCWd4PZzA
ZZzFEUk0DG,csVaYr5OqZ
Zcf8k0ELwL,3w94twGV4N
ZdBNCpsfje,iP3mbY6Ul-
ZddLZg1cg4,RQ2wHAd8bq
ZekufFKH5b,E2w4dsuCIX
ZkNQhftAPX,0ONW8PT-jZ
ZlpvKxTZXH,Dk056VUgAy
ZoHMoioNTh,NwrMlfdaIA
Zp5o9Zmmu9,Wg3cDuUrN2
Zpb7dKu8sm,aRQ-L_OhF2
Zql1d5cGfk,EGeZ50ctm8
Zra2Ab1aE5,uS3PvNKyTV
ZsQzBhjp7O,vBN0z1dLU-
ZsVb2DEChr,CJEhpz4RCP
Zse2PBmwn9,-2K2xQA5iw
ZsfT45aVR5,5wdQ4Q0YnW
ZstvbvYudv,gRD9ayyagw
ZuwncYXRRg,qeMMYWxjBo
ZuzvxdGTkt,yicYo6GPRm
ZwU3pTaESV,2Hk51dwP52
ZwnsTuyZks,tVCBk-kfkU
ZxQqsVPX1A,WfdXlljaVo
ZyDMRsOXNG,ZlKaOIxS2n
a0kTfYKmI4,I2_v_ZlzhF
a1TTwG3mji,ripY22zBGX
a1fWYlrOEv,KiJQ8JdzMR
a5KXkLUZNW,ZV07nJdS_y
a5XV6MaUZL,AGRJMIu4uP
a6OTZyPWIJ,ncsDEq0OvT
aAsPiTuSNH,U_huxOeO9X
aB2Da0Nxqh,U7fKEHfLAi
aE9CwC8ywk,hYtj_K5JHf
aF5Az5fVH1,_MP7IhbCgM
aG9RG2Echl,fYZ-45CGv7
aGfqkcU3pv,YYo-shvufg
aIFwhpfwlD,9j9Y45qaiz
aIwJmOlJy2,Ue8ipqvak2
aJ5Xvqq4Gr,zpdNRGSaoB
aMLjT0rZKy,5oQLVf5dvZ
aMPtGtja3D,DVFFCf02ok
aNDWGfStQu,Bmnkp5NhMa
aPsSRO5fai,IXRWKwDJbn
aR1L1oQExv,K1B7VCms7p
aVCplSTWT9,EGBM69_csg
aYJa4GvCbj,uUEVccCIcz
aYhCvu6eZ3,NfqHNQGRHL
aYxhPKK4yB,MVp455qMjj
aZ6m0ILbNE,NV7vBz8NtT
aZTo2g0dnV,xURjWPhz33
ae2OnWsyY3,BCgkxK5gAz
ae5PUPuBAd,jpEfgP5nFO
ahGRCFtALF,NJ5kPZeDht
ahLt5JRqtW,utN5LE4r2c
ai00AqOp9I,HsH7qY5txT
aioGv7Z021,RKvLXfAzxC
akNaR9fj5P,X5qWLe59JQ
amp77kZB2L,udIXLpI_sM
apUiHvHRiQ,fCKB24FV5H
ar8H51EWOc,6rMvXA1v3W
axpZ3G2Gmx,NqBlFp7Ev6
ay3ynFAVQC,ch0vMddLTr
b49I5Qy5i6,zFo30Mu_AO
b5GrUr53Y3,m0_T0qCbVV
b6arWpRJVs,gf--5ZwWh4
bA6fJh6dOb,9_RElMETHI
bBs88t4X9B,VeiMYa3AjS
bDmNJCp7K4,wdsd6lZGk7
bF7VV0dxTv,B7JeYVttGO
bGEtbgWZf5,ssHZ9f1EUo
bGUu7mt8Ux,tmLK0cKv6V
bI3It98Mu4,13b6IziKXS
bIUOsYcaeo,CG2pIxon2O
bNVmastR8u,rCBYp7X9Dg
bNmzKY3qRU,IGWvHbo02y
bP2SZjYGA5,EIYG-RS3yx
bTq3Fb6E3a,Hjqv_UCrJv
bUNWRa7a3K,JHDcPLD8Rm
bVjImOIA8c,UGJAGMEVPx
bWORuahkBk,0qVeHhZ1o8
bZFKGkvnZG,SHhUgOkBPZ
bc5ZRq1cCs,XlFuD6svKS
bdAKqRCtMF,9nSc9yFCoh
biJ5ewLVhx,3ZUQNGdJag
biwtPGROKL,YOrD01a3Nv
bjs0yTm40J,7S22i9pL3e
bqFSgq8D0R,YUq_6FVsN6
bsCjijQ6c6,WOSvdQ070e
c03UQH5riv,ZKzYsIQ6pP
c22ra1lKJu,56NX8KHwI1
c6icxVWEdk,IXfV45-pGp
c74IFw3KCT,7RerOrW6aq
c7NAO8CH9j,fONMhuATVs
c8Q941FwZM,ONfj4nt_4r
cCNzFUxXVT,MGDlqrUrRW
cEcCBiwF3W,U7t-K8Tnd7
cHXLNvirdv,wRzE9ezO5N
cNAHqkGUFH,k5XbW1x2x9
cO36EDZDpd,rufFcylh8j
cPgRDQHICj,DX4c6BN7Wz
cUKLYkjx84,G-Wv9jJk0t
cUl1KHCViw,DzNjciDvzN
cVkVbsnOZ6,EvFC2FOygR
cYTtsV4M8A,3SS6C9Pa8L
caOLVtrSR8,5L8TjRtfH6
cgeXhNTHc8,ZLDewXuQxt
ciaHIw7x2l,ZygkYNyKG-
cmNQAu1KWj,So7kExYdmq
cqCLN2V6al,m4VWfygAB9
csfXRiCJ0R,tJCXNMDOPE
cufg16ZEc4,qgYSykaK54
cv59y5ePoA,AzDsxbannV
cxSXu7kyA1,KGGQQPId07
czzK9PCzO9,HsN9YO9ACp
d12pzxamvk,s2EkhoBNFg
d2UCvv3BIK,Emezn15rce
d8kJFQul7i,YX1HM1ehuE
dBo85bqpuo,W9iZqqVtic
dGs2FyH7Qq,GJ7SKwBCrd
dHPNbqFVaX,uHO5DduSzD
dHoBUToRyd,QCOTc3YJIR
dIewgBZ0at,V3YYTR-DGQ
dOs4JMtmSx,D4y3p9USlQ
dOuorKbHdr,mPt02cOmWx
dPX8aVSex8,o-VSVQ54Z1
dQZCv1EvQu,mxg_KKbuAl
dQprhjM40K,RsXkgBCjKq
dT8lpE2yYJ,OKMhwQ0sNh
dXU8G88hh3,_OYMGw5UEy
dZbuBtcIvz,ac9BcN57Va
da1jUL9dEC,_j7M9ALezd
daEQBG2kVU,C85AgZwW8H
dbzAYnTv2F,GL0jsRJhQI
dcx3tyd4sV,EVOjHzgaU1
dejptj35t0,QKHhQ5q7Uk
dfzr4FzqrS,icAUJPZYX1
dg8LgnzN31,UolMw_hG2L
dhDfsD3PAL,y02Tre7eLY
dj4o93SFi2,0IpTX_wKcQ
dnpuDrTVJb,85bMlNljz-
dpCQcr0o7W,lncAOGeakR
dpUAg1DGue,Ydk9tt_ddD
ds89kfX4Aj,ai8soO86Hp
dt6LbbVL4u,uOC5-GFr3t
dvYXlTquEC,C82Uee_DR1
dx7UokUGLX,lnvsLqV5R7
dxwkuEtuCD,BDo_NQlpa0
dzcmEOUp88,S7ksgPHbnL
e0JbDJ5Ep0,jHfZbfRsIC
e0w9QRc3Bs,pacCTxU63L
e5Mz56KtWK,-VV3_Ihvqi
e6oQcFnjOz,iAdLUW2r-T
e8OMOZ9ZuP,t15Q2pihWg
e9BPzVKzmg,c-nvTq0Z_L
eAYHSriFWY,eUDIicN13V
eMJXiJNGg1,A9KHKXA_Av
eNaTc9oBaq,OLufmWz7O4
eQPDYR8gvi,drFdDYmWlA
eStxv4O1HT,-DVfWKCx0M
eXMHNg9sUl,xFAfyEqD_6
eY3ZDz2nya,ID9lO59_kn
eZwcvI0O1c,Sui4l0kQqG
eaFqehtbm0,WO321rMEFp
ecak04B0jR,KJU3X7uLTu
edoqT5p1wF,cje2wBr8dS
eem3y5oEYu,_j6LZJTptG
eoeEqhl1XU,f8BfWDO-Xq
ew7fyWLh2s,fR-ulmxOhE
f19mkFsNxN,XflY3-tObU
f291EtaSfH,DkcnWxVbOG
f3b9fBjWRC,t_Q4u3cniZ
f4cb8w7uR7,mhU9qIzMIr
f6ywK16Bp0,1wXO3_ryR_
fB0JXay0Dq,zHNfBvbTb2
fCJ99oZ2BA,eW9e-YN0qW
fElJTBqiGa,_oTVfOw6km
fF8vvo840X,upWZGastPh
fMm5gVotF5,SFWLNpb04F
fNKQFTvHPv,sR_nNG2idQ
fSULBiizpO,JKahsLX-72
fSoSdtKYjp,Ut-aGtfdeu
fTBM8gFjmx,gwExzUdU1G
fTCJN0W1LJ,sIYvQXmWm0
fUeYVpZXcW,DRfV4xstfa
fXlhFd5jmD,drcI9dCxqd
fYaO0rBC8m,7uACLBZd0u
fYetpQXVox,wgnIFRJb-0
fZz0N23WRb,i3jjY7raM6
fbqRLrO6Ed,28jqYL-I3P
fbxq9OecVT,uK3awEtJFR
fdzuxpFzRE,jjBtL-7BiG
feaEyJXuyS,ltO-ud2Vrd
ffPBo74FFS,Ut1HXMH4cE
fgVkfQrMk2,lhhf3tkSmQ
fh6LtdTgEl,pj5_tr5YeZ
fijXhl7SVo,4eyiY206YN
fjQEcmWSoJ,GbD05P8UFt
fkk1lsHoly,lm-XtKvxiM
flIWc5SNpK,tuq9Dfgevx
fpeE6deIjT,b18wlMQ4UU
fpx19ZOzL2,YvMeRr-hGZ
fsXe6nPSMI,Ud6y_1_Zlf
fumUeP78yc,XavLhmfzJU
fumVqllhZz,FuQLeatMUN
fxBLdBDQKe,c3GTy-T_zj
fxt339QYvY,xU9o2iB0CJ
fyT3wWNtq4,n6WuBC_vjF
fz6PHSNFfF,zG4DBNdTAs
g0d6UvEbCK,7F8saRtpB2
g1t8Tm5CSp,upKJnuyvxU
g3Qu2lBJtZ,9CsYHRss09
g5DBf6PUsW,bbWbqRk4ns
g5H7Xzs41e,kJ6Jm7tAws
g5YnuSWcCB,M4yklUS5du
g6WdrQ7dTH,vPHqRc9n1z
g7Fa7s1qo1,4835sQc2-z
g7S9sYfaQu,XvqYtWaccQ
g87dcXJU4q,xX5Wi44zGQ
g9lWpqlFBZ,5GIwBgkUuo
gBoNa6DQHh,ecvOiR-FdV
gCbGoP4OQe,a744SHaHCm
gFIfgLJWHU,tD8tYfVQhS
gFKfUB80in,z_DQEaOcN_
gGQGIIn1he,lrx7mGqALX
gGmZnzZ1ZM,KtnsXQxi4a
gKwJa2Akxb,9zmpkER8x3
gL70u5zcGb,taxiPmFUyO
gM8wQ49YAC,APIFGX84YZ
gMjo1y0v4Z,HfCh1n7nSD
gPOIXFseD5,loH_2u-WCg
gSMroskavu,a6IJQmFgul
gUG255IuO1,hIqVC9tmzk
gVRJnvmS3K,IdJHHfETCw
gXZEL3P8uT,XqP12SYT4D
gbFKbX9r2R,uH-tnrXIa7
gbhQydZdH2,XXguXuimNt
gf4HbCBREa,h7vlsc1Igy
gfUc9sTGU5,z7Ie8nL4ud
gh623vaPfc,EzM_qaXWsc
ghrwzzxRPr,Wiub01LX-5
goZG9GvvYn,mU5LOCMjmQ
gr2wbhewUz,Wr-lC-Zrx_
gtfkfAzmSw,HIrjbtEkKX
gwR4O1Le7l,4IWNpBb8Q3
gxBkRGD4Q9,Z7XZQxzWYA
gxm4UOGpGx,w8InJqlyVF
gz5KVBIOsw,fBX0LTFfGx
h05E5kKVne,Dt_sd-CuAw
h0MZIjFTBx,nJSmqU8YTu
h5I11xuHoH,_gRlJNbNv8
h7QQ3kIKCo,nGlpIxwUBq
hAUvH3SY8e,N_3dUjiZZV
hCeRhwlitT,53DVsQgKIY
hD6K96F79z,XSIWHSPObs
hEzorXCtyb,Hcoc_3R2i0
hHS6OuOO57,iGquu7N-sH
hIE83j6yoN,uzNHmIBvBD
hJgHXD2oNA,SpftnOPQ2n
hL0OB1EEJG,-aYVTHB90L
hLPh2FSIfg,uxx3vfZF3o
hPo5heoOGq,sGnE_ZoJ9U
hSPHBmA0o2,fsG1bUQhi8
hTrAZ2in8c,bufyKVow8i
hYRtuCYuHz,nunveuWKc7
hZWel03557,Zm4KREs-9f
hadpsk9OYR,Uo5Doot7uy
hdZLFyRS7o,4HLjUUGL4A
hjmSr6QSHu,mh64henHxQ
hrCDvceonK,Z9PeS2JPDv
hrNpPy9hUp,4bDZoD4qks
hrtwLJ3Lrr,hpVic_WvyB
htUi0c8SUd,-I2Qg5CuhB
hv7VNCiaNe,DskiHstvpW
hwffr40fMt,v61z4y7oHV
hxQ1V3fkLo,3j23TZz_91
hxVWKHjwTy,5JKlPD-wb_
hxsolKI3cB,Ugm44Nn16U
hyaSNp36py,rFkz9Vx8ZM
i00LeME9Pt,NIBmaciad6
i0WGtnBg1p,7XrGfQR-ih
i1qVM4vt8d,1AYr4VIyob
i2VqhAELH4,y87TSjMwFy
i2hiUGDDzG,TAhU00DEes
i3opmFoR6X,d6HyF2lD5v
i56UjTTV3S,Yjl1qwYoMP
i7viY81rFG,wruVUqfWrI
i9nZBU6WFh,vORDfWmdsa
iDq0QA48eO,jJDjYzKd3U
iDsFDO3MMY,pmPDYOBaih
iEqUPwLbNY,ufECLsFB4-
iFAaodk8YW,2wHQwy2-Dy
iIDHnxMdRo,lZs-Sjl2qJ
iJmY2JB1sy,EIUJ7jzUwg
iQto4NtryL,qGiXW00LFD
iRxSe0uLxi,dqdFL_HG2Y
iSBPWJD6xo,YGcUaWCtjt
iShjh7BdfV,XiJxZjUKX4
iT9tW0Xm15,c_boBdilG2
iUziSrktFP,ThsCurv4PX
iZyPN8rTGN,faC7FuKTVd
idE29fv6Jh,UPtsf1phqP
idrgyxstk6,ifnQOluDg0
ihf2dC4EXi,ElpYmB2nUV
ihgHAlrQus,1HAfLUq5Rn
ihmpqPNfqo,MrCkkSyAlz
iozePLrxUt,xDxjNl8EvM
isMtf6CA9R,IUm9nkMLe-
iwVDUkzy0g,dJpMrDIhgk
izS35qcClg,ozi_i58MK7
j0vLfEqykO,NfVGHyeQ7c
j3JCRhIYLc,qefx0s1_tf
j3KptBP7Uo,uv1dEF1Iac
j6GMkq3HBr,lgcSkGxqcU
j7Vu1hR35u,m9pfQ02yEN
j8GXu1UNEn,ImjuBMzDTg
jBHi03ZzjU,23SC4DMCX0
jBdc7zL0ZD,FyVOsgAGfT
jCoxXy2aZd,ySbCJNx99T
jDvaB8xRRm,CREA9B2F6j
jEAs26J4hp,TpbE-R1rcJ
jF3dgbegwZ,_fUtvKfabe
jFIsPvJsly,2wConTz4p8
jFpVCqaAr6,cg0ltltjuf
jJMmg2plNS,TeTAPAmIOr
jK1StSz4Ec,7D9a32CMUc
jK9PC099Ia,3M3GHRCs5-
jMXABZDOrA,ZNY8gLofp4
jNkjQ9ym8B,xrRHSdIKYI
jOlTh6O3FY,xfgHafdond
jPc43VjZFL,s8Oinki6Gj
jQG3aqwqqP,O2fW_plBEl
jQgDcx2Scb,XSSss61uar
jSbIftyS9U,AVrHmmNPq3
jbYlcI1Swu,uvTQfEF9Hh
jeInGrZ3KS,fsIaThl_MD
jhTDqjtrds,wynuxa0FSC
jl78hdI6b7,taB9wpWyx0
jobhv6Etmo,nm9HiYH3m2
jsMTzdRaE1,6G7AK67RFg
jtR13yagCr,u73qSByQEK
jtdMOV15GJ,Xtcl6FlOAF
k02hs8MIl6,pvVQA4bw_M
k0pWirJVok,c58JXksHq0
k2efABXUE2,CRMfCh7g1X
k8uvdPNX06,b-eBUCQ433
kCBGU6vcKi,S9GD2wntcU
kEdjDkfNeY,F0EE727Y_k
kGyK9sXh1d,O5iyoZD2zs
kIaQboHeD7,kM7l-qJIMV
kIgOJhyxxr,7Ovv6oyvTi
kKtCEyoD5k,MbWfizpFSj
kRXuf65IvP,OpBmasqcVx
kTfkn1mFP0,_MH1S9hZxj
kTj7xzURoF,ehfHQ0HPYO
kYiC6KmdpU,-R1mVyimP7
kfNk4HZANR,eFlW3-Vr9T
kfhjCbFbUB,Rth2hgS_qh
kiiQgTS38e,qKslNOCXVn
kkJH4QKwYp,HfO_XmrG5w
kkTf6Q4PJo,jCNc8IL6VN
km9uB6q2mT,ke03emqFle
kmrfBV3e7x,PppJrz-FFx
knxg2VtaQ6,iwNtP95nev
koZksdYUzH,B_ONVvQtuV
kowQ0R5UFW,_veOCv7aQV
krVPwb6LEJ,L4lXPF-WBp
ktYVEcIjYP,YHePrweF9i
kumHd7s8tE,vd97AJG_av
kvKi7znq9E,ZeN-P3XYHM
kxCyTG3uAA,VTW0_GU6lV
kxyzoDOwnk,jUqxbGanmp
l08P53Y1uK,4jQUeK4yxd
l1SRQmWcOq,fOsPPmKESy
l2TjAAEZGL,bjV42GRKdl
l4kWnFniNl,1qEZpLpaBO
l5ZdKhcnIU,XlJg233oVA
l8ZpqfTrMx,lmMa5O5PeU
l8ohxMxkXA,8Yi4y5TSnb
lAKNRo9d6o,6uTkWnKvea
lCt73dN0Lf,VGs5vbCZsH
lDq6utnIeD,edL_JIrTfs
lFMleP7F2m,n0k0cGTQ8g
lFSH48vn5D,z91tQZlxAt
lFZ5OKSyWr,-nYzhRl7iO
lK8YEdEkku,1Qqwa843yP
lSFAm5W9Aa,MWDVAMNIp2
lU2hrN0rcu,WHbAs1W21B
lWj5AjqGDb,w2MwqNPKSI
lbPr1pLllj,v44fa4DiDh
lbvrMvidIC,m5KX5YfRfH
ldZ4pNZHWQ,_WEQsOIJtK
ldxjFR5RI7,FVbtkdbL6U
ljGR2KTfsQ,c3tHWChjxr
ljrPqccD3P,DnwwGoidjW
lkeCGz50Ub,q8WILlztpn
llFlolIOxr,nqzJX3NwWI
llp9cfLiQM,OXcjpbDGQX
ln3pu91RPk,QN8wVP5FJw
loFcgYxREI,ZdIkhB3LeC
lp708e5jsK,fXt-MUiFJg
lpL0sF723G,sZjU1HS-i0
lpQmxaqV9u,IiRZi-vFWj
lpoVcrqvys,Q-9IJg1tT8
lshZz1e4uu,QjuTF-ngSp
lufR3uMIx4,GXqEQUqVaV
lwiuwGrDKB,WWSgla7HZq
lyPDzWsLcu,B-tVXkipiC
m06WDT8hy8,drEJ3WCYw8
m0yZrPR04E,QHseFthQLn
m69YLrBjNV,e_t4kHtw6k
m7UGRYYiGd,jfWwaDn-yX
mAN73jO0Vd,DmubMDx1wQ
mEDauZnscB,kVV3VvyMif
mKT88eBPx1,tPEcfEBpJU
mKU0qKzzX5,2hFlmpcCUZ
mKud6hpMJM,0kvvI0Lm-2
mNvEJEmcJP,c5YgnQmo8-
mO1emWW9p4,e0BySlMTez
mQeTccfC3i,IxZ1HcsOIS
mR3nuPNc2T,J_B6BhFQtn
mSRPAN30th,NjLhrH_AlL
mTiQu5aKan,WeEBk-ask2
mUJUPckQWv,Xl_PKy9MhI
mYRFcUB4bA,n7-7eKCmBq
mYpqf4uEvK,7FA5o84fzK
maNIoY8BkA,XZH9_YehYl
maTKaMFnir,8oOiIfwlMz
mg83qhCEAM,g6bCWOwIu4
mglwoUWATT,fW3NQqCZwz
mip4wJrbCI,_HnPeYgaE1
mkFl0Yftvp,dzac9DYZV2
mlWxb5RFAg,edjXz8wm0q
mp12q8M3mc,UK8wCTP_q_
mwLlhHoVQo,bvc_FnmGgN
myAN9ZZPiE,kUQVa2EaKk
n2fIpvLLSs,LdmJnl6ItB
n2lOkqYhIn,UUBpDEEyET
n2tTQtaVak,eEQYHzQkGI
n2wa5IAUoj,jPxQYtPaF4
n6iPOPRjzD,ddkT9iZ480
n7raSUDojO,_mfhsQ-e87
n8DpkP95Wl,dt_VkXLorN
nCd4Ml5S8z,3cz6s2Ce7y
nGugM8XSy5,JXcDmMZKfr
nKONNkacNa,CYEOgG8Nmu
nLcwAmHfoX,HZEduQRL9r
nLjxM5zkE2,s-GnpZyG_U
nMPgu1LdFa,BONmv5RSFp
nONY689dDN,uZFh9-w1p4
nRB6Vd91Ak,WJjlovgGxg
nRlIImiTnr,xvokXhcFgN
nTLl9PVVZ2,faok6FMREh
naYwJlbYzK,7OF_7Qx8_6
ni1IM4fzWv,ChlL4BK2Pb
njG0lfQtho,tnnI2sKv5S
nk098YTQny,DtnWeq-Cez
noB430QR1g,-LE1zkb2Zu
noO5LTY6EB,Tuzk960gt0
nqV7MCfPQT,nUai3auUpP
nxXHOAD9Mj,S5MLgD93Mh
nyoRf8O0WY,J8gPMMvED2
nyruRPU9To,wIwuXdFmDg
nz7GvdnL2h,hk6VjmLpNZ
o3BjPdOxev,cXdZKyo3-9
o6DieNm8B4,XkpQwD4nZS
oAjeJDZR5S,MgNn4K57Do
oAsWfNBjcU,R5QAPTnEFj
oB4oTKmUP9,2WgWfWsP7U
oCcr82Ejnb,gd09yVuabb
oEqTIqSFPf,iFrT0f-3Ai
oGJS0slnM4,0rVPWucDeS
oGzW8aygUR,3CEJOPz8cd
oJ91uxUc3b,aPzG32PTr8
oLijc9hmCD,8J-V85ml49
oNKqHJOBYW,4h-uZvTbHS
oPD0Ha6JAS,eb4-epRrW-
oPLq53xR2H,Iwrsvuuvur
oU6NJExkAB,sSUz-HeQ1z
oUJrhTcNSk,rkQJDxi6qp
oYPgxTnPGa,JGnyFMm5zz
oYYnWs69Go,j1VS5EUiA3
oZl5nvXwSl,6uFnCAGHj5
oah9M8Pb1K,fQN0Rbgle3
obHU2S9OCt,eY-ys_Yc9p
ogLUAf2SoL,hueGVqyDQF
onNeWXM5on,lw4JzjwJWx
oo54bVLGGs,zWXuspqerM
ooteyaNfQ1,gJtWbkYRiE
oqIZXWH6U9,OWN0xXi2_3
oqmsiwy5b6,GSi2Tov_xT
otr10kBPPl,9oA5Wcmuax
ovM1qvDM01,AEsVmMaf_r
ovXLJoWjyj,W-_E-mIIAH
owPp9OxDzO,8o0iG0uh8r
oxycMWAkFS,pAyD-ygC42
oyR5YiAUFh,y0WYIKwYZx
p0FNvCgAN7,s5pJSQbyh8
p1HOopZNWb,m5gAWL6KDv
p2MKnivC8O,zNfphGoSpN
pAgqn0aIj0,g31jypcWkt
pAw2cgU0Hw,v5tS8DMQtj
pBpBgqcFx0,7E8qDMPHit
pC5keLRodr,gsJ9OMdfXf
pCJBvbXEsi,z4xBq547I0
pDSWFbh0rc,8Gu9KMgmre
pEVbNf6uq2,dNIa-DW_PJ
pFACjg6rDK,EuiEs1aSvN
pHrwaeb8l2,k5E4H1KW9k
pP2NsOuqPC,wWEQCRSsjK
pPKZ7AvgYK,48GajHtbnd
pR42VrvSDc,hBIi3B1VKm
pRsf9o7zAi,7hVRzZSUjY
pSqptj1rTX,p4ab5gZs8c
pT8mzxzrzQ,6Hl1sdklv5
pXGZ4qFl8G,1J-1uV20Qt
pY7Q8tjSAY,kbiF4Tqddi
pY9eGfJDWb,SI8Z5C-N_J
pZ43yX5JS0,Vc8gUdQIEc
pe3tI90TED,-PU0TOHcgb
pl59mz6LyN,PDfEwsSyOy
plJ29qttlg,JXHrNtl7-w
pmEzTto1Rb,ua1SMVyMNI
pntsW7eycf,ecb1VgV5Lv
psuioHqXvf,HM08uqREnG
pys2EQlIZq,EO8RxkW2iK
pyzJUPAlS2,mVYVzBsb1J
pzNR8k80B5,60E_m6sXhi
q1Quxq3bWv,BxQ0pcnS2I
q5XARzllW3,hu86LvcJOy
q6GWHEtYvK,ymCWZtztSM
q8EUUIaqZ9,q705S-Yhql
q8Z2MfhrTl,DILCpnvs0u
q8pOQjSDAH,zYdjZGuKI_
qCrPzUr0fH,yGDKGhH_d0
qFbG0Nxg2v,a09fX1sW7I
qGEgVtsqn2,jqjO6zb5df
qGnjZGIrDo,ev6maGrhdh
qKmOCYOJGv,3-gTwODP8f
qQBKi5i6RO,yGo361CA0H
qWKA8npIoP,r12ekxf1l7
qYLFxasbq9,Dyv3kJy0kz
qZR2weBtRT,d8P3Vp4g76
qbGsUloxGi,hom5GHaEhr
qcj90oNntB,wklMp1MqYA
qePNCbPnIF,bjphyZNReb
qeZHdawZjr,Wk1N6-ZG9Y
qf3odGUeJN,aHbRyaJjG_
qfDJJgFhcM,qmntb2aMtp
qfoJ3h5xNY,Mp0zQpClCb
qfroZrxYJA,l-U0UZ5xB8
qjKDE01qur,UpPSHaz_Jc
qkotgeYd9J,_ZvqOlIDVr
ql1Yco0Elg,WOOpNfkcuF
qlx7cEmojn,PCI9sd2KwW
qmnbcaO0o7,fg0hUmDxvs
qnB6JrT4ro,uIdb7McTIW
qnirLqwetC,_GGpimU0vx
qrHXaSxB8S,7ybHP2CMnx
qslzhdo7D2,M8_BtF7icQ
qv163YSuxj,4z5YYRvyjV
qyQdE7bJvG,wTtLKVl2GX
r1a4JNnha0,e_1u3DnGrc
r2iS26JKcE,x7LsTDBjB7
r487IyvKGX,8fKPYMMXyB
r5BHQPQq2f,WkYrHOBTfJ
r6hIbpuYmP,760dbU70vs
r7WchmIzIy,8OrLSuwn-j
r7uTBtY7rp,VCkv42CVYS
r83WSfJAOS,e4rY0NrmEk
r8fVJRS3mc,cD-JXrXYOQ
rAZY5mvqmE,s02r91BaMo
rCSRN4lbjG,F3MPcKV4rh
rEgZi3xwut,tP73fnRuj7
rEwTIBN6vg,M2oTONZnOr
rKhjdsYae7,xGkRTyWVSw
rNUYASxgnE,6R6EVRKEL3
rOhMn5fz1T,GNZaNoYKKW
rQuZAcAgyK,lWr7GiEVVs
rR3xcA2lZQ,DGn9gR3O2P
rSldRIx5mS,ySg1qHFbS2
rSwADZ0KN8,2JVeG96AKz
rTPQslOjfK,9l7q-wdZEy
rckyfoaDkP,gF5Chd2hA5
rizYjsCr07,DSLsvQoM0o
rjHnlSjqDJ,T7GR79fq5t
ro0hgPwpmb,DLZk0-3xx8
roLgcS0CtN,TRyWonc7XF
rrrtQTm2e6,4uCvuLWx_-
rsH2Mpm8wY,gK4-bs0hNE
rtyu3EGMTI,pJ_pkXyQ8L
rvB8PRaxax,Tyi9Y8V5tz
s24VWDruff,5aXsiuxh0G
s3TJbmpevT,zsagLCGPGL
s4fzyNJTM3,gtfbGLIbxx
s5cKsD0EMw,eJX8yTk_nI
s6fBTjmglU,q4kLFkdUhU
s6fsSu5xOF,4v4l8s2JR3
s71EbHUVsB,vbwE7uTtsm
s9a2NpEo5N,nucYzO2owv
sAo7sctwp1,CobJTxC95p
sI6fkySgXK,WIZQjzI8B0
sJHrDgwZf8,1uX0gtIIB2
sJuZnV4IQj,Oc9Lmij3kZ
sLQeLUYwTr,IcGKQNT6zq
sNKw3Moh9R,AMXXLIeSku
sPIWkdVOBS,kxmx0HZGmt
sPkDKZVxLq,oqCFh500mA
sQ3D04VXNx,yjJSxB-rYc
sQPt1faWsD,kVKZ69e_df
sQdXSOGaXa,qGSbKFIQa0
sRhO1ejEvj,wqnePRSW9m
sTy4Mb7fZw,LpxDWLjNUm
sWYdzdNFdm,AEJmc2xjTX
sd1W5ytstQ,XqjFr9o6_Q
sdqY77KcYE,rbcsf3B3Af
seE6BETEc6,MLmEm7MXtW
sgs6wvH5IX,ze4059QfXS
sgsz8ap1g5,oEMz9oWhbk
smReXB9Khs,fhKyYiZFEM
spI5RXhVgU,j4S9qyAQ2m
srLEXfaWU0,TOuug6ImOq
suCKLxDw4N,izBJJFM7yb
t3bMI1rMHg,ctmXtyO2MQ
t4E3ZRAeQM,T-6VQPvh40
t4hoSNektE,0OO9Urxy3o
t8D1WnxEQx,PhCDHarDZJ
tBftLxApvo,Fywqc6a8BQ
tDKjJtml67,oBcZaK6fvS
tHbXVu4Ogf,SSoHtX1FON
tHjSjpXvnH,wDvZLbGW7L
tIgZGw8LUn,qW5F-ZXAo3
tLTaTENaYZ,jiaB3FTvpW
tLdGHG7gW5,GFZrKZ7UP7
tN0gh0freZ,ZeZ1Yvs_6B
tR12kWgPrL,92fu3P6621
tTx71uxoYO,_suET56dV-
tVBrWAKd1Y,3Senf6QnyS
tWoJaJNcn5,AIZ-NPeHml
tX7fBNT3IN,qYK85Mnz3p
tYxUCMGDpH,WoAD9jQ9mQ
tbZNQrLRKc,RA-Mw-1qYf
tczCiF1FXm,2tWz0EJV2y
td4Uxa47O2,r4NrhDv8SL
tfKXSHqm7c,cOeocDEl1v
tgZ4whGfaI,hByXP0vilo
tgufrfNUKi,xLUDAmtrXB
thNiU5DU0v,3WvYuftNhx
tkS4Lg7WMS,v1tGvbpwRt
tkTtcvidfl,8ynULsOY2h
tn6zYl7FaW,LHjcZUN91K
tnlOKnugpP,jJDK6TQdoK
tp1Ly8e8y4,pcp7MsuH1d
tpSbsflh0w,Tfjkv5DXPo
tuzO6wlPW1,5y0Hh0j1-l
tv4Cwqovin,vTwFWPMERb
twolWzDRdQ,0cBehqNOfG
u36k3bpo3h,LitM5gz4av
u8YlTjIIw2,JEKw79ZU_5
u8cEgzJIDA,hqDhMjtK7X
uGW8SK5GyX,ecbjssJFyX
uGWN0rjHzj,RV6V_9VgoO
uGhO28Tiiq,I4AvyA-wGa
uJifUsFa3l,RSaSz9JrHR
uK07jRmKnx,-7RxFx8Nbj
uKg8Ry0XIU,dx8DR6gNZe
uQNjY3aVje,zBqoh35iNZ
uRB1rP8ttV,XjkdM6sp0Z
uUsygVFTmW,1q9FuDipoc
uXuaRiybK1,-86WgZ2Yh6
ucjBveiv3j,51CNrkus0m
udkxVfdgr9,3h9XmQN8Ym
ueRyhgkY4n,8dJBiGo3Zt
ugUcJEmznE,QWGkS8Gb7h
uh3QXF9Dmh,NaOnoc4688
uiQuEnn16q,r0uQV58_hf
uiR38taJQP,_RjBbiWPL6
umyiVF1Efn,fmJD_hwxuw
unWq9IVXSu,VIgkukte7m
unzzOsLvyD,zgX4nxy7ZM
uqSmypE51P,yx3qHtdwAg
uu2EZzBZoW,mRKfU_ZVVQ
uuyM7S02e0,szSrPizIYy
uzqukIkULC,y5QXKv5rnf
v4a8aNa5Ao,2qjJ7SrKpm
v4pWgFsoAn,ljFTBEbVfZ
v8kWKMOLPE,5rAYZadorr
v9mnSWMjjq,mUabWjLzT2
vEDAj5P1c0,2nri2Q6hIa
vEypfjxeN6,lXt2uDDB3y
vF95XmkyJX,3YF2QbADjr
vIXRCsWguV,rKboiPHD9r
vIwrGy3yn6,6TRkx374tz
vJW3JxzKHk,kMvCRjr_Hk
vLUtjtNg1J,FSLCqBR6xq
vMQTrCc08f,I39XYdT96U
vOR1LI5snb,nmrf5paZXa
vOZfcoPnKj,gcqGmJk0gE
vRUPIKJSeI,H2ORa5yKCO
vTljlM0M8M,jOUlimxDH6
vUhLExm1ob,MzgQlZVD6E
vXBL5juVHm,cjjYZQDotd
vXnTcyo6fV,Bp5ZQVd8LD
vZacFbnbVK,IBuhKcLayC
vbaxORtqOt,ie52mXV1YI
vdVpOu62Gt,sscTPYBqGD
vdvOxoiUJ3,A1ma5TWnoQ
vh2UOLk0u5,zIPFoV1CTy
vn0Hj3BLGt,FPYpVRyctk
vpwJ1soUM0,mJ-ugp84BD
vsSYABj1J9,QTim6Z8qtT
vsm1wocNWc,M0IoEmabYo
vtHsuort19,HRKpguMvbL
vxTty9YGwL,ESclBv34SA
vynVkzbm8n,Wqi1_C8IKd
vypemb72Tj,GSH4h0AKXP
vzl4HgwjPM,gkSVHPck07
w0OwvcAOXD,vlbkF0Z9GM
w2ZCoRbf7r,70iyGKIpoX
w4MAFjk1Jd,BigPl5zxrw
w5ZeBO3MGV,zSBOPpJu6m
w9mFJ8QcuZ,przuvRCLir
wC8VTTbJrs,AO9zVxEl6f
wL0ZuLgmES,bX5XcsxtOn
wQ6cGN34Gp,J_RD8424VF
wS87FT7a6C,7Pw94BXX0H
wTJG1I1z8h,NKBBsBxHvK
wTdl86uKIQ,ji29q2i-k5
wVzF0ju33g,aFS1StOX5v
wWrssRy8OJ,Nkbm3kcy31
wX9yLWrc27,FXJLtm1oyq
wYyMTiw6X0,dh7mh-luoP
wcEwxu5PVI,Q-hK_B11s0
weiCaHJ3L8,0n01GxQkEU
wgW6znU5If,RcqaNLSI4E
whyrhr9U75,U1xim_JdtC
wj1mxvksFU,1ZkM8RQnai
wjwgqK2TDg,km6wrC_YQP
wkbUT42cd3,XL5e5PidFj
wmZSfaxzd6,CKFNENpOm_
wmqAgU3UAR,gmL9EH44tb
wnAwdo4VOM,QXv3sq9CRd
wnHoPVHje5,WjMhTomTdy
wpsx3TYtuT,24cXYcRHFC
wqD2NjnGj9,YitGxBjTxu
wrOUv2JLSB,tLExUWCc0u
wtbAfJJuss,LB0jbSNS2Q
wutdylJihi,Vkjc2817Z5
wwdJn4J8d7,mWaJVqNiTJ
wzp9e2i5Gs,9Nst3zpjem
x0PAue4fFp,Ahc5z_HMNS
x69Nd18HJ7,mMAgQTzzDG
x8iDLyRBwc,9P6Mwd5H0r
x9dyp0vZ5c,7TtJStqGYh
xD12PAOZv3,VLQQOf0DXI
xFXtwMPWAv,6lMTnkWRrx
xFnLWSODqK,jYmF_H7b1a
xGonAyNLQo,QCz9sWuX62
xIKtA3xkTj,qpRzD-P0Ue
xROSB7c0Ae,WSQJvB9KIZ
xRWB09ZWqu,-ON_-sskjk
xT4PB3N1Zo,ZMoRkGIE6v
xTYBK8Kj97,SRdPVRJ6q-
xTsw4GldpE,RyBFna1d8z
xUBvHvkJwi,OKwcdaXxjm
xVPANGlzro,QaOQ8AIT9G
xVgA9nKX1V,CA1LRAr10p
xWBRjkoflb,XSeLrFdD3a
xX6wI7VcZc,tbTlL7XzgF
xZJRGrA0Tz,Vg8n92SiGy
xeD2eSJzri,hUohU3QW3t
xf0aMLHTmj,wzeTgZVCHT
xiKyNGo1SW,z93Psoap-D
xiz8gnTOOK,WZVLHGHgl1
xkKfBqaIa3,yFL1H-4xOd
xlgH1l6GAI,sqG-Jvvk1s
xnLDFiipW6,wzJ2BaIMJy
xqEtj52KZJ,bWWUVi9Mmc
xqIzBG9Yrb,6-v0aY3eGx
xuB7T0Alvp,wyhY8ft309
xwDBDOTvt9,9K5RoqGwdB
xxUlql47ap,0GRVKW_udk
y3Y8e7SBsC,yy3FUsi-mk
y53LXeXTu7,vW1N0jXwIF
y6fyErNS5X,_9YntyzCvT
yBjuyLHlB1,M7dvdbzWUS
yBxdyuGW2G,OYfomiEV8N
yCLtmNkvn4,kfQbLI6XCz
yCew05wpwU,5XrO9m8KVc
yFUXYmODzD,u_0dmEV0lO
yIUVJr16LL,NoShrMA9ya
yKlm3Q2H0J,Gl6vdFPPCa
yMWYpmj69V,RAlxjGrzuQ
ySrzUTtZdw,VcLjvKWNJ4
yTpa3piPi8,9AZyI08Vla
yYEVVjf0Gv,F4uuC4Nd0r
yZU2Z15noN,Ieg1v-bvMV
yb5UAGT7Ae,yhC3PBo7zQ
ybj1Yu6yqO,KBNKc4jT-9
yd734WAJ4I,7U7QmNMdlt
ydXx9gNShN,1qJ9fGEQ4k
ydeLJINBUb,9Xu4Y6qXQd
yfvq9IZ4yx,J43IXglB5X
yg34LbO7pV,eV6t0FjnbC
yhtB6EHQol,AjjBEH3LUe
yiSrD3bHsE,cGVF_IJvb0
yjpkQUs9fu,zRcNaVd21n
ykl7TfXPhX,WpdJOvR2SS
ykvpQ93WZm,YqwgNkaAkV
ypy6P1zw3I,9GTNQ6Nj4N
yqHinOG1bV,arKYDUgQ-q
ytgbpGzrvK,hzuNz5bILk
yttYCK4cte,JX3EWdipB3
ywqtVG9MX0,2ch8YgWfec
z1cYPeZb7D,d4pC95me6Z
z2UP1Evy49,AtmGUtGJKs
z3sBp5RGiF,KMOorG0gts
z4WujC74RQ,spyLsj2Ba5
z4XhDhqIJ2,GtSzKwHzdu
z50zrbdBIJ,kn8rPdWZyf
z7c34OLrb0,aP80RUtPpo
zAAeoNsjd4,QBZZ0vEUdb
zH5mYT1Avb,vgbaB7TzS6
zIBKsR20c7,DRLkKFKbUl
zLUIxL90tk,61Ocb4yOF6
zM0irZVnKB,D3iYf5IvAQ
zMbjQrBknL,Lq_My5NM9t
zMuOVrUVDw,XtR2cOZfrT
zNkpqMfZNn,cuSurv0Oud
zQibA9J65o,XwJtwHeGZF
zdr4QgCwSR,gbnHjlNPOb
zfIiJ46b0t,8r9JBFYDK5
zkhxfl6CWI,SQ08rQUHvB
zkiOedsdFJ,b0DOiKTYBX
zm3dcI6QX2,dOxuRtlZqy
zmb88YCzFO,k4TVClkhO1
zrkgZebUn2,nFtUMmNtgx
ztTCLlDidu,LSqJfxvvOF
zw1bTJFJaY,26CHb7gyaz
zwXunb5PCz,BGV7apaYrz
zxmm6MnY4r,_NyZZkelKM
zyFOGsNkHU,4eL8NiqNew
