03iLTIYhuW,112380184-vkontakte
03my7o81oc,114299998546599350568-googleplus
0AfTJJkGHe,240392843-yandex
0AfsnT1BnE,137927922-vkontakte
0IGzIdY24P,2313995462-twitter
0JMUDtCiqB,100000416085069-facebook
0PEmzoEVKu,176753808-vkontakte
0Q2JB8H0kH,46071033-vkontakte
0aL7e8icg5,1182877551730443-facebook
0cnKEjtO6T,110848085503132807848-google
0eBRr9ddco,320171100-vkontakte
0eI0ZOZZeJ,103014606902145418073-google
0gAjZT3QcB,11666431-vkontakte
0gwfEeLtA3,107515120388541540725-google
0ju9eFTG8p,114685414375221625685-google
0kYHA6Ye6Y,49691683-vkontakte
0khNKfbefU,1616786995264175-facebook
0p52LRk5NJ,19438942-vkontakte
0p9Ewefq5U,155537307-vkontakte
0svPVrXbDk,34885568-vkontakte
0vu0qyCtAY,13575134-vkontakte
0yhbEkGhav,154173800-vkontakte
0yu83XJOk6,239699789-vkontakte
103tQwyF6s,174862088-vkontakte
10DshOslCZ,2706726-yandex
10y6LCcZvB,113902617192524759386-googleplus
13Tu79Rfkp,35907457-vkontakte
13ZfwycmQX,2601597-vkontakte
14BdWvLzHv,115069314755866413237-google
14GRU6V9la,883347528380038-facebook
14R8T9nVEt,286627601-vkontakte
189ksxvAiu,74743045-vkontakte
19UoFMnOfe,102825583115107873689-google
1C6wi6CP0t,106474842394555297986-google
1DvyIo8IKd,130609622-vkontakte
1KAUfryAfu,1378352781-facebook
1KY4W3tbJD,51948688-yandex
1Ki3JMoDs4,111239321897965938603-google
1LQ8hLpX4e,354364724734191-facebook
1MCtXyugKP,228008874234312-facebook
1OSRIjXRzi,109256688180731692806-google
1OqlWLVFzs,2990479685-twitter
1PM4S2VuuQ,144681335-vkontakte
1TODl58Htb,10448631-vkontakte
1UPr3tenwG,107849125931694966924-google
1VLkpblTlx,132245114-vkontakte
1WENSq8OZY,100001443995554-facebook
1WjKAtjWIl,240256363-vkontakte
1Xl8QorW2M,7710399893524783561-mailru
1XqUnrVyst,134380332-vkontakte
1ZEfDPeGA6,1602682433363152-facebook
1eoFs3OM7c,241429113-vkontakte
1gzDzfOUVP,1gzDzfOUVP-unknown
1kRPiuA11B,255026317-vkontakte
1mf4xKIXVn,6530896-vkontakte
1pclWvbA7t,681087165364265-facebook
1tr3sNnZCU,255275812-vkontakte
23T9rHAmGZ,557433221084051-facebook
2490dkTqeQ,179174513-vkontakte
25tRI0lpGD,103549729510621524495-googleplus
27RNN9UgTR,10784067623679817359-mailru
29FcxZguL2,4059048-vkontakte
2BlhQbDnLA,138272798-vkontakte
2Bw6izMCAu,2536554-vkontakte
2GhOPhg9WS,2212394111-twitter
2LB58nkao1,206057075-vkontakte
2M3ifbexxJ,17512464403843660334-mailru
2ONV4D7JRM,179897923-vkontakte
2PF8VbgxC5,5001251-vkontakte
2Q4uvtkqqp,3509427-vkontakte
2UTRIK97Sd,7466948-vkontakte
2VYbUZjp7M,109275524963614386929-google
2eGgDMmsLY,26088282-vkontakte
2gHbdFNCxn,21699937-vkontakte
2gSs35BMTl,78099379-vkontakte
2ge5r1SKcQ,10363702-vkontakte
2hvowyEygk,2274195908493545219-mailru
2kIPZEkJMu,953240988053079-facebook
2mHd6rxBjZ,14391873-vkontakte
2pesOXneFg,100001684406416-facebook
2rNihJYg6e,114460775912179463228-google
2sOk5Mj84p,100001519201271-facebook
2subyl6yup,1503854-vkontakte
2y55hEDnWi,131599353-vkontakte
2zJFe8o65o,100000514189131-facebook
2zjvaZn4MA,973931422646738-facebook
34gQgpXZsC,1075775899180523-facebook
352ABcDrKP,111534537-twitter
39yNDKNQW8,55708706-vkontakte
3A5u0EqtR6,11280355-vkontakte
3BMiBBZHev,102378118259114734910-google
3EmwyQI9yI,3972287-vkontakte
3IXGT8X5es,17381833-vkontakte
3Jq1tksfeL,803932059696579-facebook
3LJmCxj5iP,103462527620482182050-google
3RtTsnejza,46877292-vkontakte
3USfDQUw0m,153445700-vkontakte
3ZHJCA3RoS,137043764-vkontakte
3abiqAoYym,322259-vkontakte
3bktB6xyb5,17216859-vkontakte
3cBZkxCQNl,112970776514336563640-google
3fuG62kIax,13041332-twitter
3hXB1Y19Oy,243400378-vkontakte
3irDXok6bd,865627908116382679-mailru
3j8uX2kzum,175861557-vkontakte
3o0cedDIPN,10753399-vkontakte
3o3EGpQSxS,49589627-vkontakte
3qCtrpmQ7m,109090910584055036428-google
3qdg82BfZk,888300831313360-facebook
3yGQ4XoSVQ,10205792918088620-facebook
3yIuASWFAa,382446-vkontakte
3yh4m3ja22,6236640-vkontakte
3yjLg6gGxf,111374970-twitter
45AS66rwYG,16088489188667675405-mailru
46jBCOxDxr,112249169466871447354-google
4GGZPsLcDM,160394530-vkontakte
4JVcfOXL7i,204639026-vkontakte
4OWG3YKmWd,1612726472-facebook
4U7CvdKl4a,1051696804870686-facebook
4VG6pTZEZh,115695260494595591358-google
4WdF65GgwI,857913977603139-facebook
4aNLwn7fF8,26415789-vkontakte
4bJ6yJvRfM,ac8ecd6b2baeb6f7cb475d0e89355266-livejournal
4eFIevGVvd,100001463648679-facebook
4kHdnTeRfC,289890882-twitter
4ktJild5mH,114879532051632282293-google
4oOfgb1Kaj,10206243780345908-facebook
4wAQNsCvd4,64717546-vkontakte
4yzkUcSMMP,115848119744241028317-google
59Cg9ri4Bf,174901747-vkontakte
5AJQ8OIWtV,54364520-vkontakte
5CMBxq8Wtj,16210904-twitter
5Iu5M0YNhd,44925722-vkontakte
5JhM6VSlMt,1633203693558573-facebook
5Juhpbjshb,64602916-vkontakte
5P3vp04DuZ,138203402-vkontakte
5Qyi7loLjQ,5Qyi7loLjQ-unknown
5VLpJ56syJ,30190780-vkontakte
5Y1SpfJXqu,20681289-vkontakte
5ZkA7EFzpx,160227546-vkontakte
5bcOL1ALqm,19548088-vkontakte
5iAIwvE7Aq,10208188817775657-facebook
5kXXw1dA6u,251898879-vkontakte
5qHsA82gLe,100003708250373-facebook
5qPrsMWeIg,777867769010158-facebook
5qtG2NuokS,106046629092413267793-google
5t90W1tVcj,46197367-vkontakte
5yJcdAfpYO,9873479-vkontakte
6057RUnSKB,57049046-vkontakte
64xEVseIlV,1792428480-facebook
65SVGsOmTU,834923439896750-facebook
6Bu2Xj2WF9,110414565971280330127-google
6CccLZ6SHV,85295618-vkontakte
6IgiLVeQJZ,107851293639384217635-google
6JY9vSs3FO,1366325-vkontakte
6ObQ2RgvIE,112608024474629261208-google
6Pgk8UCUNd,97920187-vkontakte
6Pp7lc6zES,240391906-vkontakte
6Sds8mmdZ7,359763124-yandex
6VdM9vL4Sp,216198516-instagram
6VxXvb4uaf,89100963-vkontakte
6X7hYohnbT,104824275114072392121-google
6XQgRVXHU0,5105160740049739048-mailru
6YnUovU3za,115852002767718703754-google
6ZhaZ4TUnG,101483115-vkontakte
6ZoI5buivE,1451288173-facebook
6cIiQhhpAc,220278315-vkontakte
6fwD0hQevr,101978430994439119662-google
6gtOFR2vcG,100001687576967-facebook
6hQADMqYHJ,103491297840454832120-google
6jUAqelCmy,333312335-twitter
6lRbWgcnh6,170260161-vkontakte
6mwM2JEjFX,100312794977561489009-googleplus
6mwXm4KhSk,269183509-vkontakte
6sre9Sv2nY,1326704973-facebook
6wWMlBCwPD,186137615092714-facebook
6y2uitHy5f,116021879340884071596-google
729l08PJeJ,106451657-vkontakte
72YpkIU6u7,5082620-vkontakte
73qOGNCZkQ,100000418422226-facebook
79TwXz1goC,100001537896082-facebook
7AG4PY0ejN,6574352-vkontakte
7CaDEuPWdr,206559467-vkontakte
7DHs2gqG2C,167480511-vkontakte
7FpBqEq8hx,2157139658-twitter
7Hay46xuI9,117432498-vkontakte
7QntYb8zxc,151805674-vkontakte
7TciL42wNl,214317221-vkontakte
7W9a2iCZ9j,105766712-yandex
7WBgs6afep,773939156038480-facebook
7X2J4DhoUu,266518553-vkontakte
7YJn6OHNxM,112589881932769857807-google
7Yd1IPEFWT,11615227-vkontakte
7Yg25oskUo,56689619-vkontakte
7fFFdw5iKP,309409573-vkontakte
7fJAzAzY7J,100001272335950-facebook
7g9YrXRsqe,111821221278410983529-google
7jKHgOpYb6,9198561-vkontakte
7jnCyfhwf4,88463136-vkontakte
7kr71XVX8O,40237419-vkontakte
7mS7YUf4Vp,97856442-vkontakte
7mVrDWXm0T,4040120488-twitter
7nDZzFT20a,30622727-vkontakte
7ncIBWsk3b,114387294992022174503-googleplus
7qnjfFiOej,148021354-vkontakte
7rqPuiNs0r,225920114-vkontakte
7t0SJLryVh,14124856-vkontakte
7uccvAGw29,247215842-vkontakte
7wl7Aw9hEt,120492452-vkontakte
817XyHZ8sj,398812116974771-facebook
81qEq7tm2J,47544630-vkontakte
85Odt5i7yY,388806686-twitter
88fViwYchP,254740935-vkontakte
8A0lTol6MJ,109906191-vkontakte
8Cq1tx5syj,139823995-vkontakte
8CuzOktbKa,282076707-vkontakte
8DglEIwete,113534740157546630314-google
8FGHxpa0ga,23362871-vkontakte
8GDc1yFdfp,1553764823827860802-mailru
8IdZulK4l8,232109506-vkontakte
8M9gi05kOg,37214190-vkontakte
8PxrAq53hE,103051818726159004687-google
8VkqurXDEJ,60450266-vkontakte
8WFS2LA6zM,16176484-vkontakte
8Xwo9cFvvx,254644716-vkontakte
8YXrrL8Zks,17694490395917274339-mailru
8apv6eXtio,218183998-vkontakte
8atDmxhHWJ,17831163-yandex
8b4fXbpjjv,100006637234610-facebook
8cnGZF7XT6,23832754-vkontakte
8iCNWjNQLG,9809285-vkontakte
8lItHKvhVE,2665115797-twitter
8ly1hacBQz,107127274479758647951-google
8nj4itXuBn,43647311-vkontakte
8oNdCGxKOy,908355575976996-facebook
8oQEUSxVXX,2822703-vkontakte
8oxnEf6O7h,141830853-vkontakte
8rJ0nkPXnT,2369918879159119889-mailru
8sLelMyJXP,11594040-vkontakte
8tNj1Xm9Ns,84874796-vkontakte
8vjIsCZ7R0,4265488-vkontakte
8w29mu53wg,5658685-vkontakte
8yII28ivOM,83658360-vkontakte
93V6pAgFJA,4219513-vkontakte
94MUFMo1Pu,45109090-vkontakte
94Z6lzfNqT,19842991-vkontakte
9CDO4b4l8C,9796213055305727832-mailru
9CJpSt3ne1,1245488265478924-facebook
9EiMXCXKmv,217777572-vkontakte
9FJAozGQq5,15796305-vkontakte
9FqOYBmXOS,68049615-vkontakte
9Lop4ODM1z,166637369-vkontakte
9MtrJeRPg6,105889773766706540799-google
9NznprOspq,9556707661904625568-mailru
9O8OQ53e8I,eO92msBADz-linkedin
9PlnX2a8Zk,101512621220796781970-google
9R1rY7752Q,321998912-yandex
9RKxCkiSlG,108463105976939479426-google
9SE38xFVN3,259471411-vkontakte
9U2RSzup8p,108297936289501253584-google
9X4afkE2F5,121566300-vkontakte
9Y07hSZtye,100006120216304-facebook
9asM8yd50P,17778665-vkontakte
9bA0M23WXi,1268865-vkontakte
9d6zDoQOLw,28539652-vkontakte
9e0PnwJuF6,100699971977353218664-google
9ij7kZLg31,116723999714709403405-google
9lRrpd2DLY,311995301-twitter
9oMcjZ4w44,111116669474979895452-google
9oqjJ9aOFZ,110106518706618323877-google
9peHBSIHRQ,1505902743054644-facebook
9qzOmcDsu5,162923470-vkontakte
A1kb5gJztv,100503480931937281560-google
A2JqFp9yna,105680555438462936918-google
AAwreEtA3T,11273275221928627610-mailru
ADg2dZ4IZa,275127761-vkontakte
AL9qQ3VO5Y,93334484-vkontakte
ALC9ewJyVj,191678278-vkontakte
AO3JCRrWlf,134766837-vkontakte
AONUXuZYMd,77330962-yandex
AP2kXLfHWh,3062680-vkontakte
AS6ojcwhQM,100003101161084-facebook
AUMhPhC7dd,105353019087957553709-googleplus
AYIAawwGR2,108912408489493070177-google
AZkTE8xmPl,112364894902942935834-google
AbwxEcGrGq,368057487-vkontakte
Aia3F6oNOG,91482962-vkontakte
Ak36arZna9,3223410-vkontakte
AkCGidquJD,111232091769173360385-google
AkxW8SgiP2,11861820-vkontakte
AlGw9BoXjv,113109035723097668062-google
An0YRIDeCP,134948969-vkontakte
AtknNk3S2w,106089743521579055388-google
Az10NY4UQz,50975485-vkontakte
B04efHdOX7,351641059-yandex
B14KJoq27b,100003532839186-facebook
B3DQV0zobV,40903666-vkontakte
B9lPSF95IG,102179943592532067249-google
BCqOUxeCRf,2652824580-twitter
BDBqsnzT7z,165222386-vkontakte
BDDjxGPJ14,107210286-vkontakte
BE84nO8XIW,83295212-vkontakte
BFgStiR6mJ,84386684-vkontakte
BJVMzMVAD2,129609753-yandex
BJatZBkZIs,35255243-vkontakte
BMoVp540Rq,154780267-vkontakte
BYJtDwUmld,100004686312205-facebook
BZ5sFU0iKf,9ac69b4d4d44510dbb4c1b77843975b3-livejournal
Bd9VmhYD3D,110674963896867679044-google
Bgtx9p2aAB,13541310488832166709-mailru
BjjT5pdvJQ,31579683-vkontakte
Bn1lS6huXv,27142-vkontakte
BnrR72IdtC,258879247-vkontakte
BtBZPeD5vd,189255586-vkontakte
BxrtXTKdo8,76561198069119630-steam
C1XITlcrKv,47938875-vkontakte
CABG7DEmnS,114608504300850856669-googleplus
CBbhLBvXTG,36799840-vkontakte
CEQNZzTew0,83470033-vkontakte
CF1w6IBwPj,112457495422783615715-google
CGIovW6Lce,109754902429707286195-google
CI2qprbQTz,145157706-twitter
CNhoJK1Psx,106322973-vkontakte
CPQDL3jZQt,18380178-vkontakte
CUsiYp2LhE,34419341-vkontakte
Cduxetq38I,16770330480587944160-mailru
Cek8n6CS5j,37406076-vkontakte
ClPuH3shwQ,101340102061131357490-google
ClRmHdHibe,910388512358693-facebook
Clr22n32ad,Clr22n32ad-unknown
CnYhz6uw8h,108336594328636950055-google
CosUiBrkek,212120021-vkontakte
CrZTO3uLZn,37584-vkontakte
CrjrBH1yQR,100001925197873-facebook
CsaNVrNhlA,127919694-twitter
Cy6aJVNgNT,727759877356089-facebook
D4db2MyMrm,98831495-vkontakte
D4oJbwH02o,21871809-vkontakte
D6YyRFSvr1,93904733-vkontakte
D8ddvIDFiM,47241891-vkontakte
D96VdKYkr2,118066238314574003653-google
DCDPi0Tuh5,953651268037818-facebook
DH89LAj8TB,134286826-vkontakte
DKleA3oDLr,31942773-vkontakte
DOYoLIhCUQ,145789001-vkontakte
DOxk1kEoos,117124011531379579265-google
DQsbotuGof,6886884191832552045-mailru
DRMTLgDBzg,608431212627409-facebook
DROXaM9WYN,213491284-vkontakte
DRgebFBfLa,2154330-vkontakte
DShYpS7GEz,83023043-vkontakte
DTIDstZCVs,23869511-vkontakte
DVohnXKrv6,102998474-twitter
DXK6SffrhY,556261999-twitter
DXLGszSGIx,105268908767127789956-google
DXTzV3CkED,100002563462782-facebook
DYQ459CelD,5266056-vkontakte
DZhnRDBp6N,109715771-vkontakte
DecZJVs2jw,108291573425132495301-google
Di8qXBzbEb,260034154334184-facebook
DiAL3ioogW,100009189361851-facebook
Dl6sWMqiRr,233144948-vkontakte
Dm2me5OMAg,2764600906-twitter
DrKAiYZPKt,100007944398847-facebook
DrhpGc8JPd,3379903121235940709-mailru
DtAN2dKVVg,59358621-vkontakte
Duv9MNVZa5,1608381972810307-facebook
E1y6MvinuY,66866095-vkontakte
E5MGVt39Nc,638508-vkontakte
E6GErH3Cgz,153917681-vkontakte
E7MPdPZePV,30838259-vkontakte
E8YwHiw6Vy,1219568-vkontakte
EBKf3tj9oI,176254445-vkontakte
EHAZKS93zl,369355956-vkontakte
EL0aVF4323,6330926775834066459-mailru
EMcJQiQ3SR,7605587-vkontakte
EQJ9uS0bU1,17357990-vkontakte
ETIwylCwVJ,4467699-vkontakte
EZfTZxBh5K,1695846-vkontakte
Ea9vwCrw7Z,223785702-vkontakte
EdoKiSaer6,276268285-vkontakte
EeEx4zg41P,109308837112395070251-google
Eihmiy7puD,100005858232163-facebook
El4KYXSO7X,20386114-vkontakte
EnLcoxc3dw,100001500112178-facebook
EpegwYiZIz,83810104-vkontakte
ErS3KVAyW4,c6a37098c7cc38559c5ecaeb02789e83-livejournal
EswxvcKXPs,837723843005969-facebook
EtpXYharOv,8911862-vkontakte
Euh7fNmCW8,100003324459626-facebook
EwYmpRK71f,78601348-vkontakte
Ex9UY1qOFH,152898748-vkontakte
F0IddWhOjW,49130606-vkontakte
F0u4DlBYQ5,178553523-vkontakte
F31WarbJVZ,117478736822297198969-google
F72m1Lpx3i,16129006-vkontakte
FBoAEjVgHZ,116834842870356756273-google
FCoK3v9YYx,5304393-vkontakte
FDGjAir5UO,15706320-vkontakte
FEQfbSdR1y,14789921-vkontakte
FFktkloi2t,106671779577324791906-google
FKBAtqXHdP,11633343-vkontakte
FUli3A1ear,21720434-vkontakte
FVIrn3FAWw,372387203-vkontakte
FYrcXE5UKF,303009134-vkontakte
FaCGsRC7IP,4889653-vkontakte
FblUABrVDN,315121625-vkontakte
FdmRgXvSTB,48173213-vkontakte
FeWO032mZ6,241483675-vkontakte
FiIyh0Szyc,136867669-vkontakte
FiMVvSQJnN,100001683924510-facebook
FkG39GNmxZ,100002056694210-facebook
FlH1J90jhZ,111379370-vkontakte
Flp8M4FLsQ,1711475134898715851-mailru
FnPbh2npOn,778372082278829-facebook
FnvE6PMgu8,178238698-vkontakte
FoQtVOTln3,132602864-vkontakte
G8dng5kI3u,100001349749157-facebook
GANi31hbe7,524035-vkontakte
GVPHlrJ6Mx,5518815921516467005-mailru
GZ4RPRbhRf,110669538837274762394-google
GZmTseOARv,5778642-vkontakte
GcUNNS9JpE,52537034-vkontakte
GeVSMERM3G,145160353-vkontakte
GhNTYjIjJ9,13484337-vkontakte
GhR1brVEzz,210133584-vkontakte
GjDFNfLRIZ,162444669-vkontakte
GjT0TmB9JF,472443596256142-facebook
Glvgoi4XaW,111819389957376031869-google
GpVQzGo4BQ,100001321792326-facebook
Gs3xy9ntKv,3332457-vkontakte
GtElFgHeR2,58324535-vkontakte
GuuqB2Klll,38337584-vkontakte
GwucgU2n3g,112084617-vkontakte
H0gZN32Uwt,1328200-vkontakte
H1LsYrkI1a,111115241650108110325-google
H49pRwx2pn,1659566-vkontakte
H4GYgX7iFD,101806235611384069480-google
H4dONCCxoc,299341420-vkontakte
H60ljzAZKP,18772657-vkontakte
H7XlcDufxM,1527887959-twitter
HGn8A2bT2v,149054665-vkontakte
HHVAvLUOIZ,103978810-vkontakte
HJAzVDUAEA,108308018958784477651-google
HMQGICIBk6,102112272349311471143-google
HSx3kbMUrd,27783354-vkontakte
HTEYhsgb4o,910586119013809-facebook
HUEx7lx0oY,203111543365422-facebook
HWgTUGvJdt,4492957-vkontakte
HXRoDdXL5q,818835464895244-facebook
HYY70lcaSq,208525213-vkontakte
HdixemCX6I,210088851-vkontakte
HjOvTBvkKD,142301319-vkontakte
Hpy6VFZFIJ,17871749026303901558-mailru
HqZdjUgAGS,112709413486255416563-google
HqoRBULWOc,32764823-vkontakte
HsUXqmyk1l,168001793-vkontakte
HuzZuvvMmG,173364163-vkontakte
Hv9u56A8hE,348998451-vkontakte
I0rafyKFXI,100383598581726612027-google
I2n6YGR7AX,226154659-vkontakte
I48KfOBnNE,163200428-vkontakte
I5HPZgP8ZW,100000731212333-facebook
I5t0qgVDnQ,106314926567916301643-google
I6a1GxtpEz,112636716270059222163-google
IA2a2rUiXU,311326749-vkontakte
IBa4s0wCUP,276890082-vkontakte
IEUue8gYlX,110789026776384291964-googleplus
II0diawNDx,117145933512467983921-google
IJ7v1KfMG6,118299823-vkontakte
IKhhc7uQIu,11678979-vkontakte
IKotIeegVZ,11741447-vkontakte
ILlBPui02F,26599403-vkontakte
IMrfUd6bDC,102358186997882092110-google
IQjWkfVNeX,355880824611189-facebook
IVtrW6z5PM,27190780-vkontakte
IW2psWJAYl,63620437-vkontakte
IYRKfOhj30,18155976-vkontakte
IfsX1pHZ5R,963926587011114-facebook
IgEiRAhSeS,116638824710930086919-google
IgTL7IAZ76,104384564818341719437-googleplus
IhKivziPTZ,100002974647445-facebook
Ik7LhTkyG9,84129177-vkontakte
IkwMO7x86k,88056166-vkontakte
Il3NCGsKdN,2153158069-twitter
IlokwcVlm8,111168386092108621278-google
ImQN2hrO7S,19058509-vkontakte
In8ZGJurZC,283591716-vkontakte
InAFnqEe9K,13323090-vkontakte
IqK9jfnZoX,9243098-vkontakte
IrqVNLfcOl,527327-vkontakte
IznR13Lp4H,11617463-vkontakte
J1hMDh14I9,424679797722894-facebook
J2w4wXcqSS,27738443-yandex
J3y2lpASzo,110965133214786799381-google
J52lAOB0LB,100978570902186865324-google
J9UtDAnHcY,58375719-vkontakte
JF3xlb8JsA,49707955-vkontakte
JHOKhZQ5YJ,1114355988-facebook
JHlLRRFpNF,10122805465928648687-mailru
JJRKaUId4d,109816915724233348514-google
JKYyKjbrxg,262189278-vkontakte
JLMMq5S5lD,278113794-twitter
JMn9Riu4Ug,618066587-twitter
JMxT8jL6ez,100002928285570-facebook
JNH2tQV9oi,8722894-vkontakte
JU2xEvmRt5,8850219-vkontakte
JUB5ZF767J,10207524178922688-facebook
JUKwoJ46Ux,111614453068639913520-google
JWa4NzUOHu,173564026-vkontakte
JY08djP0nx,78589966-vkontakte
JZqEfiqF5a,107721317546510883261-google
Jb9YPbtTkW,117033101607277995775-google
Jcsqlz9JCl,83820536-yandex
JhSTfhD83S,34929791-vkontakte
JjuH34piel,139251168-vkontakte
Jk1GS8LYW8,75172-vkontakte
JlP1xDPjHv,20684399-vkontakte
JmNzu4Ppw4,98202779-vkontakte
JogcWHtLGh,18362935-vkontakte
Jp0Xitm7mX,423483-vkontakte
JqZBh9ilGq,42618726-vkontakte
JroLFsYeQe,1074942979189076-facebook
Jyh3cga8HF,3900290-vkontakte
Jyrv8THH5G,158789218-vkontakte
JzJEeUqLkE,111206659973485003833-googleplus
JzymFvkbR6,14694020-vkontakte
K0uK8dCkPh,108499008014473774619-google
K1MSvMjrKI,235282619-vkontakte
K1W0U70uTw,10202544960024508-facebook
K3HhXYTD4M,1491598-vkontakte
K6ekQLcERQ,107100771-vkontakte
K8zJjQqeFw,177000334-vkontakte
K98RWEPNRi,939528-vkontakte
KENVFcZIIA,114457027038271223019-google
KFkhV7cZE4,49559930-vkontakte
KHR3x0FUNc,189062511-vkontakte
KKiQYPbIhN,62382839-vkontakte
KLJQSWulMs,10153478303761935-facebook
KM70tN07SA,100005683925694-facebook
KMh9GOttVV,103199683741978522368-google
KOIuckLXKJ,113538416444850505904-google
KPDZwsopdm,947924091942368-facebook
KQSXkZuxis,830398907065968-facebook
KT3zhHQhR5,72543870-vkontakte
KVfsFhnYez,108693220678012059584-google
KVzDFsBstn,15716698-vkontakte
KWPVAdQz9u,112115209597688618527-google
Kb7DYAq8eX,118133165229747450512-google
KeXmETECwi,1199751294-twitter
KhzELL0ZiI,166be0fea2c34352201ad4ebf292ada2-livejournal
Kjf6TKYsC3,199094098-vkontakte
KlIflgfhcP,103979032-vkontakte
Kmha5zRUnH,216884277-vkontakte
KncB8jDX9z,9247196-vkontakte
KoXukXZlmG,112159767116608956715-google
KpSSGXQFgm,121935185-vkontakte
KtNk2MKbNe,835009376535148-facebook
KvC9EG3qF7,104733697409680897924-google
KxHPHX9z0C,302679355-vkontakte
L0c6RxDatf,5939481-vkontakte
L0qChURjx2,361189-vkontakte
L1gP9crvyI,871407482950478-facebook
L2Ck9dBod9,12e4bad7f5cd23c82c004f37d45798eb-livejournal
L2eDfD1UM9,100000058705406-facebook
L41f0uSCnL,222697791-vkontakte
L6PUhubWhB,197763807-twitter
L78z6SQrD6,116404238-vkontakte
LCkzyL2AVz,6162895-vkontakte
LCnFUoO1LJ,107958236280827181161-googleplus
LFHMEY4aCx,431329621-twitter
LHxUmVtXmS,302317540-vkontakte
LLsFKam84L,55631614-yandex
LMH9R3bXAj,50141578-vkontakte
LOoIrXJAKO,22240417-vkontakte
LOrTMXSU6S,11606536-vkontakte
LRqKdIwGkk,109386909-vkontakte
LRqr8TsjG5,103187459556913989410-google
LVHE0qBVnI,OE_qSX38za-linkedin
LWdxLS38o8,289460052-vkontakte
LYwc0GugN9,57668398-vkontakte
LeBUDDu8JR,104470776481025677301-google
LeHbyIYvzC,118186779626746992771-google
LemCZmf8tq,398101508-twitter
Lf52WOTBUb,131672061-vkontakte
LkAUOdNWRH,100001675877044-facebook
LlHr1JNQRF,116102659308122285924-google
LlV2rUbxb6,98021937-vkontakte
Lobxl6k7fn,115851549-vkontakte
Lw0NmVXyT4,1448286913-twitter
LzUzpNgCWp,17658233506183097693-mailru
M1JuHUOyHV,105635625143175227564-google
MCOxuwNZ5m,6330520-vkontakte
MH3bpF5iFS,7214806-vkontakte
MIGaXxUkOw,100003223356588-facebook
MIKjgE9zHE,89659613-vkontakte
MLPOHfE16Z,48343450-vkontakte
MS2BoIISiK,943117939046509-facebook
MSs9IcNVdV,183167255-twitter
MVNy3f2yyF,23646107-vkontakte
MWnLw0ERhu,113320969879072727680-google
MXyxMQnwAw,116996095228415207486-google
Ma5l2Sce16,113853846365541544832-google
MjuYgBDFEU,293453800-vkontakte
MpjRcXhIrs,144522190-vkontakte
Ms4473tyNH,1085481523-twitter
MtWUMKYJ8H,10204961394574534-facebook
Mwy3aFhPRW,136078132-vkontakte
MyVICfoRCf,100001022994466-facebook
MzDEFWbXkJ,100980929459550005009-google
N8Bs3rrgm9,4779273-vkontakte
N97zo9jzf9,1346796253-twitter
N9C8GveumZ,465169-vkontakte
N9PtCp8M4Z,60648728-vkontakte
NF03dtmyd8,135722499-vkontakte
NHD0xhXtaM,105259316419510179764-google
NLQyljPPqp,3285423-vkontakte
NLXBGAbpFl,1615567898725880-facebook
NMmwMrkk1r,12502023-vkontakte
NPdjoeL8h8,91093948-vkontakte
NSAosExWdk,113517381629036079905-google
NUFdyisXwF,48568611-vkontakte
NUKEe8iYtg,37269396-vkontakte
NVVaDW0hUy,110821469449792392483-google
NZusNWHhIP,110262380792257678080-google
Nak6PyoumJ,320066162-vkontakte
Nb7KwfMW4E,2203673326-twitter
Ndv1r1S3yp,1015080-vkontakte
Ne8BHbj02g,1995068-vkontakte
Ni6OJAACzS,154107918-vkontakte
NiDUbi5314,8886889-vkontakte
NirZARLg97,107596831399094814318-google
Nnprvmcaw9,82407102-vkontakte
NoGznjEK8e,105380581039159705460-google
Np06gIfJ2U,896005250439074-facebook
NpmUCRkOMf,121095027-vkontakte
NwvcEQYdpX,115694-vkontakte
Nx6iJoBLCJ,283408623-vkontakte
O3PyoQH8mJ,100805692781602822031-google
O3d3cY0Au0,2810563-vkontakte
O7EHNZIdNY,294170264-vkontakte
O7MUJr22Tz,1270959-vkontakte
O860OfPaIp,492267715-twitter
O8TEGP5lx7,27515604-vkontakte
OCM7NvnwBK,77487707-vkontakte
ODBoCQhinc,85710091-vkontakte
OGafzafWEU,57718344-vkontakte
OHu3gTdaW0,114315261045342463972-googleplus
OIN2D52p7Y,104546692134293272621-google
OJFFhqccSA,0-P6VGFVTq-linkedin
OPjY9auzjk,212728810-vkontakte
OUaYRxq9IS,100229971845188602343-google
OXsHZRatK9,281438238-vkontakte
OaywtbT4sj,29590428-vkontakte
Oedp19UrLK,2728115393575202155-mailru
OhgRXUNpmd,108455930477433457405-google
Oo0yi5EMgL,85163422-vkontakte
OoE8P7Rtox,104960295065265225831-google
OqIGGhFpEC,101049327912350406478-google
Or4kxzzM3m,8004172-vkontakte
Ot9KbbOQtB,124405056-vkontakte
OtNxDPuWnl,1213451052003382-facebook
OvcY9iCI17,15449178-vkontakte
OxJrk0FK7s,1688168904-twitter
OxM8lLcHMw,538394741-twitter
OyJDL6KuY5,10209595317386628-facebook
Oyp1h5unIm,2125846-vkontakte
P61i64kLfA,211977368-yandex
P8LtgaxI3w,7891319-vkontakte
PAEjAFux5v,110023421284064137212-google
PAMU5slkvu,34806822-vkontakte
PDZdn2x16z,15826446-vkontakte
PIAAkfTD0l,10206101208903879-facebook
PNVRsBFR9k,3517945-vkontakte
PNxi6PNxnR,117970618853809312838-googleplus
POPykgS7VP,5125249-vkontakte
PPa5vuhlop,107584037127263252664-google
PRHtTAe1gU,14077426-vkontakte
PTxAVqM5OA,2981367585-twitter
PVDag8ydiB,681919838614488-facebook
PWMnWFjeUx,218994771-vkontakte
PXN4mzlysM,25281663-vkontakte
PYCw7G7eSv,142594459-vkontakte
PczZ3I7RcY,4039548228158535830-mailru
Pfp5zEcajn,108551473365388837304-google
PgRjK3RvmX,135474874-vkontakte
PiVg4AmwD0,10454595-vkontakte
PiXSvQaA73,9813314-vkontakte
Pla2pPJM45,5957175-vkontakte
Pnt9WIXY2i,170702328-vkontakte
Pp0cp7NXES,2030167698794823191-mailru
Pp738nVHzg,106417175872012977394-google
Pr5hg0Xsqi,124940932-vkontakte
PtlWsa5ylj,139277848-vkontakte
PyqlZe4rOf,107759775300009923253-google
Q0NlFvAbpc,20816055-vkontakte
Q6wiHpSwVd,1299513761-facebook
QA5vkRkeRE,11009923920844158655-mailru
QAsv4fZb7P,188650435-vkontakte
QGUiCNVEBu,23081164-vkontakte
QNHgZBIkpe,232731553-vkontakte
QNgKUW2I94,3119832673-twitter
QUvvF4RaPh,100006919931847-facebook
QWeFuAXgkr,434380536-twitter
QY968TkGsG,235208988-vkontakte
QZAsUvpbTU,22334749-vkontakte
QfOOpWidZC,579272408-facebook
Qg4JSFPpyK,106180805638066641756-google
QhCsDHuKs9,114491703414104570927-google
QkcwQpfmbx,41449538-instagram
Qn2vnMVKZ7,3740624-vkontakte
QnQeSpqWuC,1670965336474821-facebook
QoxUmBqsMA,117858018311488916389-google
QpxGZI1Gfv,319318310-vkontakte
QrfE51a5Nz,264992730-yandex
Qt0DHMJgKz,109788861670283139925-google
Qu13WjCk7S,4594306300157362700-mailru
QubqZ5X61y,61901801-vkontakte
QwE4qbDaMD,162395492-vkontakte
Qxttygg7jO,25932639-wargaming
QyDySEXFeQ,112515393841189695663-google
QzSrpLkwq0,110438812249782749388-google
R0D6AEK0nm,21658811-vkontakte
R2U9hBIncD,112366191289808901180-google
R4brsDSYXb,3821189-vkontakte
R4ehEkjcFz,872184382849618-facebook
R7qXuWjjLM,1108972092503206-facebook
R8KW3z63fy,25219345-vkontakte
R8zvwJCLzk,10907478-vkontakte
RBpwKuOf6J,131205742-yandex
RCjo1VxnGC,0DK0XcE7Md-linkedin
RFRZxY808z,232859476-vkontakte
RHSgXcV1Bn,110605135105160075391-google
RKSRcuCGis,108881769841095262504-google
RKfBDwmStm,219259003-vkontakte
ROtFQ3GTBf,104963806973216549112-google
RSKDt5fgsX,67707790-vkontakte
RSvTDMSDyW,183632051-vkontakte
RVwK02vxhP,38874283-vkontakte
RbOFiVoO1Y,1050526131656609-facebook
RdRZOS4dPo,14645720-twitter
RhT2LEefnt,3621623-vkontakte
RjlT7ivq5Y,103572612168318762782-google
RmGFm8bVaH,2237484679-twitter
Rmlf52au9F,184649973-vkontakte
RnqUXKSn4e,103744471556196536095-google
RoiEmmoSn0,174068365-vkontakte
RoyGDMBlzJ,102837606700149068104-google
RqZYotVcvq,109133834585244637402-google
RrY8AwLpVZ,26887484-vkontakte
RvtMUeQ4VY,128970-vkontakte
Ry1bGdVDnx,304559496-vkontakte
Rz41s161gx,630951733-twitter
S0MtSxs7og,155296044-vkontakte
S5tKPJY6v8,32275609-vkontakte
S6kd1soc6a,103506797120513646722-googleplus
S7cvg4rddE,115134324819084074026-google
SBgchrFCPA,83746104-vkontakte
SE4Uur9mOM,10877977-vkontakte
SJBdgd3blU,111687508199184144363-google
SLPEflwp1Q,13573721-vkontakte
SUFZzvJSZw,115815123562918822899-google
Sj859y9uQB,102415392695873432195-google
SjiQWTvjpx,357954792-vkontakte
Sk1XgRXnmp,30581907-vkontakte
SoPS62yI9V,53582216-vkontakte
Sq8hIPZ5Km,126029098-vkontakte
StZjdillc7,17312091242627873140-mailru
Sx3VzjyYUJ,2859335-vkontakte
T05dkxYUT2,17520414-vkontakte
T2I5KsJs0l,96734992-vkontakte
T4JHsJPQuU,228478259-vkontakte
TDakeL7lSf,270227518-vkontakte
TDrJwFiW4T,10284002-vkontakte
TFn54yqqWh,541496949-facebook
TFtjWVC7Ov,10628457-vkontakte
TGRDrg9w5q,1824914196586194533-mailru
THxNtB2VsS,332083641-vkontakte
TIgVrqqQH4,250348959-vkontakte
TKOrJHEjc5,7757251-vkontakte
TLM7oR5txe,517369068425525-facebook
TLfKLb93Y3,111270229006324731846-google
TMLRFmPmlm,115880801313138107829-google
TN29kOZ1PK,298245548-vkontakte
TN8r9BFBtp,1006285899405081-facebook
TOyFzkihAq,116481174580138863152-google
TSfZ2BtQZ1,1593682146750534776-mailru
TUcvpxgRpy,199843578-vkontakte
TVWl1VtZqS,116567377257833521133-google
TaIS2m5oHY,214238220-yandex
Tb5v4gQNAE,281261199-vkontakte
TboEVHG5nB,100081631675279138682-google
Td5D6jV5wu,216787907-vkontakte
TjNZ4TWNZf,1052758170-twitter
TlZQgXlaLV,103887587132253930223-youtube
TtIHv2zfQv,106530650871082865264-google
Tw7feq5XTT,106304994652616315178-google
TwkPJleOAL,18698028-vkontakte
TxP9CJj76G,1039996214-facebook
Ty4ZZwGLKB,105152778472987334927-google
U0K3yhD9s6,166456363-vkontakte
U1uN0FI4vV,115170558459404174538-google
U2JXeuPIgR,7158357-vkontakte
U9dhJrbZH5,106371400776290924924-google
U9pFILFeVF,286207165-vkontakte
UIuEZmC1NU,102360286533531750144-google
UJSEGO5EcJ,230820917-vkontakte
UJuZF1zxfI,19290437-vkontakte
ULfdzFq2Dp,100004284151333-facebook
UNccBLYuWb,58778597-vkontakte
UNt68OtWP7,608937661-twitter
UO5CXdofRL,124535867-vkontakte
UP3X81JEW8,116648083131167632737-google
UQiq4eJedA,163900255-vkontakte
URgqyHKAX8,1040220549374948-facebook
UUA01GPyts,391241382-twitter
UV8ugtc3BF,100001692682845-facebook
UVjjZmlTlR,16239872-twitter
UXjnFPcD6C,199681521-twitter
UcI7VjHiwv,58150658-vkontakte
UeKBZssPYO,25460665-vkontakte
Ufn2xUi5jo,117475948443222228101-google
Ui5gvxPmrC,108178793398498332987-google
UipxYwRErX,100005112671797-facebook
UmXC25lzuL,95369877-twitter
Uv6CdSieu4,59780349-vkontakte
UyAkh9gcRZ,100001453557385-facebook
UyImg7zaF3,64251996-vkontakte
UzOrovY3JP,239091728-vkontakte
V08Gkc3I4H,881088308617026-facebook
V2Zg9IaBQT,346438123-vkontakte
V3DIoiV8e4,305495615-vkontakte
V3S5637vfB,18244427299067221667-mailru
V56K6BlYa5,109422146-vkontakte
V816fYZSEx,195422501-vkontakte
V9WNnEel2f,8345201-vkontakte
VHnDUh2BR7,2222016818-twitter
VIUWqpGAv9,256549133-vkontakte
VMu2tFn6Of,73237438-vkontakte
VOM8saTqzP,226876561-vkontakte
VQUj5qNmLd,278583675-twitter
VRPP7YYogO,16503314-vkontakte
VWfQmRRZPo,305473928-vkontakte
VXZ1tjqErg,100000407645902-facebook
VfYUeZGESt,271743161-vkontakte
VlGwkjwawE,104791069841904204385-google
VlcXKCJqew,108914457395576908367-google
Vm8b6FiCDu,10311780-vkontakte
VrXmXD8Asl,152875465-vkontakte
VuQmG8SOoO,191112691-vkontakte
Vv6qVTcCH6,29603830-vkontakte
VwrpIupZYD,102063534230813102446-google
VyJPYvE9vP,25341204-vkontakte
VyxRr2Uovu,7674768677379098990-mailru
VznRucnhoV,100169916316461271353-google
WD3jJnrDjX,279088574-vkontakte
WG4LN9UJ9L,5851670-vkontakte
WGlUrZWZ1r,12282474-vkontakte
WIYSWo2apg,279984475-twitter
WKr3GOWmdG,409511506-yandex
WMcfGDmmqj,13940135662906916693-mailru
WOMoGzkmhB,341331736-twitter
WOoHKkaOny,305335832-vkontakte
WU3NzNbYZx,82683736-vkontakte
WX1R3ac76j,93865505-vkontakte
Wcz7Ey3xf2,171286728-vkontakte
Wgok2uQmPk,19312717-vkontakte
WoSGrdK3Ks,100226218602431439446-google
WpvUyHVsz2,334257796-vkontakte
WrwsYMVU72,114034417770097344744-google
X0ht3k859L,100002067005054-facebook
X2Ore6SK1i,9142387-vkontakte
X3Rr4bkD0n,106146081867218078179-google
XAO0XHUj74,100001447903560-facebook
XC9JKZCXNI,104499624523627908321-google
XCTilkNRi4,1396652-vkontakte
XENDhdp37s,1066223876776359-facebook
XF4hfyynbs,250220818-vkontakte
XFcnzBf8wm,4226914-vkontakte
XGEzg9hMdK,110051706057311348438-google
XHXK92Hy5G,34429826-vkontakte
XHhDXimYSa,10208571383381213-facebook
XJIddnCx2X,673504570-facebook
XKrJI2cuht,92356498-twitter
XMFDQqODzi,11850260054718348017-mailru
XQ52nLJM1T,42220616-vkontakte
XR4R53k6Hz,8180071094605672282-mailru
XRrHFhS8Kq,106065368311875398582-google
XSu6dJHsgy,870030236405050-facebook
XWXNdnXhJJ,230014319-twitter
XY4ARTpQst,101663234927218048307-google
XYJFb5GT0L,305509010-vkontakte
XYetiycLzr,75527038-vkontakte
XaCP0xh5f6,306250130-yandex
Xbpm1PnGHw,2193824-vkontakte
XcW2sC8buI,926840434054840-facebook
XdVa20TSiq,100000104796685-facebook
Xf8jTgxQ4a,117510443074985133502-google
Xgv4lmmoMD,112203976813965614439-google
XjI1V3xiZW,12624307547693677453-mailru
XkdXnZb4r7,106031456827034173534-google
XngpPGVOMa,116010922602534610811-google
XqupTfbyQz,104899935658622768371-google
XtW0CceQce,13478240-vkontakte
XyJCaylonf,110472963569413581048-google
XzzOYVX0f9,19935045-vkontakte
Y9T5tnb4uX,113371979155111126502-google
YHgQf0n7qw,50207431-vkontakte
YOiVV2gBqp,114070388168175879107-google
YQBjP1iRK7,79697787-vkontakte
YRC2VTLvTK,101570593952052389320-google
YVpuFowbPk,7827113-vkontakte
YaPbu7IFKc,115170223400879743985-google
YaoDYmjdZu,158780422-vkontakte
YasBmnIvoJ,7894681-vkontakte
Yby8iHnxDV,32447184-vkontakte
Yeeugt75au,65027540-vkontakte
YfYOTrlChI,85317220-vkontakte
YhgbDkbKte,2416933841591857473-mailru
YjVfgIOG4j,108540030076498201438-google
YlO2kIYkTL,50473901-vkontakte
YmU9aYQWjk,110406196005818464738-google
Yn8FoBr4BZ,303530133-vkontakte
Ysaht2acxW,94738840-vkontakte
YztwbHKcqc,1175818364-facebook
Z0Xs6hsuuI,21515259-vkontakte
Z2rrNI3m96,11152425-vkontakte
Z4G0aA25OI,1297504-vkontakte
Z8g5lJMxSN,62211746-vkontakte
Z9iqg9k5p2,10388455-vkontakte
ZBzz1u5EoR,947791198601070-facebook
ZC32gPFTTM,10586228-vkontakte
ZCWTF9NMAR,100599204551896265722-google
ZFIuOjq7G9,269882715-vkontakte
ZGcuQHcANf,4320403-vkontakte
ZK7YBQMlUs,164425633-vkontakte
ZLH6oPoD13,248307938-vkontakte
ZLrAkUljl0,315720499-yandex
ZMl9DjLMCF,112440032557646628685-google
ZQ5OoSu2yN,162308264-vkontakte
ZTBTnlcnc8,5692307-vkontakte
ZURJIamgqL,113033184709492089410-google
ZXgII8H0CA,4311030212196958161-mailru
ZXqmt05rTG,26748998-vkontakte
ZYxjWbM3Td,181819534-yandex
ZZGnGcVNsm,7018241-vkontakte
ZavoGlplRM,8516045-vkontakte
Zd1Nu4Kntb,11965525-vkontakte
ZeQgfHSfle,230448124-vkontakte
Zi9xN7lZuv,4370573-vkontakte
ZktD7FPlAx,9116939-vkontakte
ZmuqdkGshW,10836998-vkontakte
ZoRzI6vsSB,117330985980241956684-google
Zpzz7B2siM,103736144145890363532-google
Zr1OBmlqjz,218989553-vkontakte
Zt9MQU2SGe,256711685-vkontakte
ZuUGbfBdWO,250706876-yandex
a2c5Gizz12,107877835457883354897-google
a52s8pwZxT,132482584-twitter
a9vxR9Ny9G,21273412-vkontakte
aAv8FeiQDO,412807381-twitter
aBqNZN46Mt,78815716-vkontakte
aE3P45F16C,105852303950227831814-google
aElmFDuNfo,6303158-vkontakte
aKSouuHCHf,83986-vkontakte
aKunPEByGE,378849377-yandex
aOEu2IQN4b,140925503-yandex
aQI1KRSjbJ,113054805929861226601-google
aSSBhxpNDC,111629347363302604346-google
aV9TJeGlhp,136728917-vkontakte
aX8uNU5rum,116737610646742853303-google
aXv3yUah4Q,31985072-vkontakte
aYertu8V5d,79662782-vkontakte
aaSV9dSXz3,100892009189673699045-google
ad5e6mux7K,7956074-vkontakte
aeXCjhha9P,38520725-vkontakte
af0OSDfkYR,395453-vkontakte
agJ5Lf3VHI,1943021424-twitter
agUeAUmorD,114284612509410575499-google
ajRCqdOkXt,218934621-vkontakte
akTkhjFnKK,2349391465446631340-mailru
aoGnEuOMtS,351486165-vkontakte
aoT3awHyqx,1210143542913553049-mailru
aoc4VpntK6,104126705463059558723-google
aqE5cogoYV,13720445092099943470-mailru
atkIpAV5Pg,96966150-vkontakte
avaZMWVVrM,777217-vkontakte
aySVkHM2aE,135099553-vkontakte
b4Q1ZsIR9v,103887587132253930223-googleplus
b7LRgMQ7TP,12712096-vkontakte
b9UtfErtNu,225847162-vkontakte
bBbjKz9Sog,2053694-vkontakte
bCOWq36JeS,6766595541090019438-mailru
bIg2BfiN6n,38660097-vkontakte
bKxor6KVbP,100000973346798-facebook
bM9lIb0ye2,895739183857287-facebook
bO06tUkLRm,100001858801764-facebook
bP9oodvZox,268214956908724174-mailru
bTVURK8E3i,93967431-vkontakte
bVY6Is8cqI,21423217-vkontakte
bWH5qqscrb,14602651492520008239-mailru
bWT7Qp52QX,28025935-vkontakte
bWULNtlit0,6247810-vkontakte
bX85AtbRWm,117441379735339349435-google
bXSqPed4y8,33058742-vkontakte
bYY2zOuYxl,107429064804511519343-google
ba9Sdcs2cu,135-vkontakte
baW2PMAVBb,6567184-vkontakte
bcmdERY7fG,65284482-vkontakte
bgbEnjdvLH,3362342121-twitter
bgoq882SdQ,161969215-vkontakte
bhNei4RUKN,13891954-vkontakte
bhlEpwucdh,112084083687702798920-googleplus
blCas8TPyz,108453107040887245935-google
bmBcvU3XtE,287509118-vkontakte
bnGPnwKHsF,28623468-vkontakte
boWJSTbt5h,238843739-vkontakte
buRjGej6cD,2401650-vkontakte
butQn3LHrn,160990202-vkontakte
bvUR2lzCLz,12643289215789248445-mailru
bvWIYVwr30,173351372-vkontakte
bwmvm4Ufez,470968512-twitter
c5lMU9XGYz,219471728-vkontakte
c6dG2Hhad5,61826747-vkontakte
c8zg7uG3tS,282977799-vkontakte
cAGOSCXxqj,73413791-vkontakte
cBH2Spnl7h,27288701-vkontakte
cCgUuejOh4,13820097-vkontakte
cEIZWm55bW,112215924446735537121-googleplus
cHa7ZvKyWi,170708482-vkontakte
cIA8iOJJpt,523112-vkontakte
cKrgD4FvIs,4007788031769943166-mailru
cMSynO8wmB,272513801-vkontakte
cMThAtOeEp,2067442-vkontakte
cP0urwCaCF,3150284-vkontakte
cQLTmIzgJT,31354790-vkontakte
cRWaRmt7wc,216409608722666-facebook
cUaw1G8LMU,107596837906186955173-google
cV1aUJtg8E,819463158198498-facebook
cWFWQUEElb,870053409697948-facebook
cXXV9i5TcJ,1548489-vkontakte
ccbmB3YmRq,101441939-twitter
cehd5iafVZ,14394176-vkontakte
chPw6mLsTy,1382391255424825-facebook
ciWlnp80kv,140966150-vkontakte
ciprvHSE98,2723684980123046560-mailru
ckEcFOIcyL,13264016-vkontakte
clA6ZLoQjI,40203070-vkontakte
clXus6rQCy,28508796-vkontakte
cll5RDF2In,100000086058850-facebook
coLkqsfj09,991625140884504-facebook
cp9hkBYMoX,170133488-vkontakte
cqRoiOfFIV,253063008-vkontakte
cvwF8rac91,69442971-yandex
d3zqDWX2yM,117914803382776984876-google
d8JiLq3MQy,11645357-vkontakte
dBkceUSxkH,144378-vkontakte
dD6modUpyh,15129139999477207568-mailru
dJKVe6zggA,101816130806346233291-google
dJr5QzrMD7,44134626-vkontakte
dTKecdC2LF,103865042247239777954-google
dTOvNGXTkl,2556699-vkontakte
dUIymCsbsL,10152904418381813-facebook
dXxUTe4ROh,100935301-yandex
dYHzCiKB7G,58134001-lastfm
dc238aC0DU,182981095-vkontakte
dglH4L44Yz,36469912-vkontakte
diWTyBTrik,1132442-vkontakte
dmRjUwLR0u,8210983-vkontakte
dsknkRvZZu,948727461887149-facebook
dvScaPb6eZ,24975212-vkontakte
dxF3pZktpf,22354054-vkontakte
dzbAMU4za1,3548817-vkontakte
e38584egyn,116988393640381911248-google
e3QcKA8xAe,135655165-vkontakte
e5DRIUU8c3,115813541753179034234-google
e7BAMaH1fF,3232156194560631647-mailru
e95YfTPL6N,71533320-vkontakte
e9XWbp8Eal,95316767-vkontakte
eAAnKsN936,56228374-vkontakte
eATqxKiNY0,21716277-vkontakte
eC2rjAkJFH,191472748-vkontakte
eCJ6JsaPnl,255084556-yandex
eJKfl52fzZ,12083687-vkontakte
eKqEjZA6kN,112397371463877904584-google
eNo0gPv8QD,80125565-vkontakte
eP0j6EKnmg,177245361-vkontakte
eSTKEOvBg6,25844318-vkontakte
eU3NAJ3i7a,811734075620431-facebook
eVqXbDMw3r,dbe700c4044ba1bd-liveid
eYpcIrI0E3,6746958-vkontakte
ebDdyFQ8Dp,475811-vkontakte
ecj43tNjVz,15804492-vkontakte
efRTdNp1TT,973496-vkontakte
ehXqqAF6O7,43226017-vkontakte
ejCMy0W6bV,83748058-vkontakte
eoNCeANMXO,219917924-vkontakte
et0Oms0Y3Q,8102774623698316990-mailru
evLL2cqkho,114952913841692951974-google
ewM8qWJjk0,72716214-yandex
exqlL1FQO2,43545547-vkontakte
ezoufQvGb2,117621506869933585103-google
f5MX699AFL,87042697-vkontakte
f5xQLFIA5l,74506083-vkontakte
f7W5EQs1ui,184631680-vkontakte
f95NVYViw3,113497387291494410221-google
fAnM0jnm4O,1439915-vkontakte
fFyKriuWUK,1513507512-instagram
fHMnpcXIoa,29658726-yandex
fIJD9Ul8M6,49282887-yandex
fMD5cH1nHk,11707727-vkontakte
fMy2lL9PV4,53493576-vkontakte
fNXDr04AjV,6185965-vkontakte
fNnlqddYXC,13687928913057211401-mailru
fPaKER3Ndk,41048965-vkontakte
fW0kmQvkKF,115179370301921756016-google
fW2FBbppYh,100007306904340-facebook
fW6whQ3XJ7,2739418-vkontakte
fWcfXCl6zv,62827963-vkontakte
fYANmOVQ1c,100001749950544-facebook
ff0ABAdVlQ,121714272-yandex
fgnInFwMCe,982149711834039-facebook
fkDrGhbpt7,32398895-vkontakte
foiyC31uJl,100002495143593-facebook
fpaxi0bmYG,46426802-yandex
fqwGj1D06y,228498409-vkontakte
fr2YwTxXkM,727851-vkontakte
fvssHHXwJB,116511209413100942814-google
g3IYwEsdRx,554338617-facebook
g4KMi75n0g,10153794757197593-facebook
g4ZCRNLWBZ,3917214-vkontakte
g6giBUQl6a,327735740-vkontakte
gAcaYbYP6t,272786341-vkontakte
gC1LE081fY,140262580-vkontakte
gCJM6svASa,50961168-vkontakte
gGYxvLB69w,52543280-vkontakte
gHQuaXV5in,103297328079003654932-google
gIKOvmO7zO,500118960185408-facebook
gJrJ8E8bOT,122248350-vkontakte
gKByrqTQrL,103067090085132718135-google
gNuYflFotH,1268382428-facebook
gOir1E9vy5,54213445-vkontakte
gRB03xx1Lo,112938587784385914147-googleplus
gUHIsg4mwj,11500185-vkontakte
gW5AqsxJP2,1387233-vkontakte
gdoFnfb6NO,7897494832360521875-mailru
gfnuzYODyR,8331527-wargaming
gjodeA2jTM,62688963-vkontakte
glfq34rMvS,279946263-vkontakte
gmcxDYV9l0,11381619-vkontakte
gmqd5ut5e5,1008207949261316-facebook
gnG7xXYwRq,149200922-vkontakte
gpyBjcIhmr,567401909-twitter
gqI35EH1Xg,132877846-vkontakte
grYS4bcawu,118110176816764611198-google
guTWz43UKF,227699996-vkontakte
guqBp2fqVZ,2625548-vkontakte
gvVPG9zaA5,111443160909182416827-google
h2WXAGB6QU,136825319-vkontakte
h57YDfx5LE,537650-vkontakte
hE6LEPRm7D,1014093051988586-facebook
hQ1WdAKAxs,795471837188492-facebook
hQlYWCeuyW,113406820256823685674-google
hT7UJqZx8j,359690533-vkontakte
hTSJHmmVix,29573009-vkontakte
hWTiroELxw,105658181-vkontakte
hZpmtyHnwe,54880947-vkontakte
hZvV0mHTuG,100001910533334-facebook
hcdVgryMTQ,10204133891867189-facebook
heEXLaEkJs,26707180-vkontakte
hfHRiHQlfE,268599752-vkontakte
hgu4BJqSLi,111002996-vkontakte
hh80Q52YoR,9371298355876001101-mailru
hjcgtpzsCM,883384358382778-facebook
hl24PTlKdE,1361312700-facebook
hnKdSqvP4v,44623452-vkontakte
hpfv4gIwmi,3529359-vkontakte
hpj8rTEnoW,106873725007177111115-google
hpnGAiOqxv,98078958-vkontakte
hrE0O95Wf8,33397689-vkontakte
hwQq0SIO87,971621582909611-facebook
hx8p6bpDvp,100000769416047-facebook
hyOVzZM49y,100363118032615216701-google
hziI5PC3tf,366497970-yandex
i1L5LcbShp,18018200-vkontakte
i2oM2xjJma,109597602950774138897-googleplus
i3I9F4tJCj,948919658463982-facebook
i4Kgth5MWt,237428660-vkontakte
i62kRhgeWz,18697537-vkontakte
iCkGstCrS2,100128808795498712702-google
iD6PRZtULU,108124685299191084841-google
iDG9phXmxy,260056913-vkontakte
iHJTpDSzDs,140962162-vkontakte
iJ8yau1fFT,944255912293489-facebook
iOGY5UvzZn,135421473-vkontakte
iPExwM3qa9,100000489107145-facebook
iPowQ5wipc,507337277-twitter
iQLh4LnQ8r,33700196-vkontakte
iXzfZPLemV,23409751-vkontakte
ia1PnO36Z5,12328318-vkontakte
ib8D49T33M,100464530-vkontakte
ibrKs6qEV2,1339042-vkontakte
id5TJdYxey,2659602114-twitter
ifrW4mFZNF,100000534663351-facebook
ig6yLHvxIs,47676937-vkontakte
ilq9MNZZ8x,172872762-vkontakte
iosT552Viu,100001572522498-facebook
ipakOZ1P61,216330634-yandex
iu0yLio3QY,10114029-vkontakte
iy3bEY0GoX,28794490-vkontakte
j37iVr4QIL,1049634038421523-facebook
j63O6gIDor,100000470693782-facebook
j8YmwIlHiY,201621753-vkontakte
jECMCGqDgr,87255457-vkontakte
jEwSJt0cwz,37477448-vkontakte
jL3uD45zyR,133384777-vkontakte
jOpRFH83M1,4751994-vkontakte
jOpc4uhn91,96720678-vkontakte
jPVYTLfMid,100599204551896265722-googleplus
jQGRYGGu2A,6946834-vkontakte
jQwIgDjZDs,1259919866-twitter
jURRe1HyBg,114685047-vkontakte
jWx2K47s1o,101144727033793679507-google
jZbySCO0hz,256254357-vkontakte
jfKMpH7dsO,182920410-vkontakte
jhg2yYg0cd,102735056421469416680-google
jiv08NktMr,121491615-vkontakte
jjoCf8Z8Jb,110908716150397010584-google
jlLkxG9Nlz,106221482094692973162-google
jo7PbrGNXe,714301463-facebook
jobfaHBBdP,431789643660864-facebook
jx1JgcG5Kt,209750629-vkontakte
k6IIfnTSxh,1138852626183846-facebook
kAEQKLQr5V,110542727089822447057-google
kB6kssiNA7,100001470301012-facebook
kG3tOc2EKd,102151115124876344620-googleplus
kLEKSg13l9,101413378592609233294-google
kT7kCWMEBD,21912893-vkontakte
kVyi04FSh6,10403516-vkontakte
kXJl121htb,10206703317193925-facebook
kc0zj9zYO7,85028578-vkontakte
kgSopEWjJR,19404128-vkontakte
khi8CP6K0c,21417655-vkontakte
kjY19xlprV,101529476136642786559-google
kjm57nsejw,5479636-vkontakte
knE9KzUhWZ,83788782-vkontakte
kngRYuXXx3,3060082-vkontakte
koqkCPEdmC,79645817-vkontakte
kqzMMigTH1,170923121-vkontakte
kwlCgx6UCJ,373709-vkontakte
kzLixdCRbO,227443959-vkontakte
l1pZIo2IdL,100002133739971-facebook
l6L7n7YVcr,1633921933560274-facebook
l7i71Aq1q5,99005241-vkontakte
l9edUBLTFG,854253677210-odnoklassniki
lAFLNx3YvI,111293507357232772945-google
lB2gDMLF8G,842450628-twitter
lBkjRVra8R,89490367-vkontakte
lKXqMasohY,100318504-vkontakte
lMO7eQPYTw,966296516754235-facebook
lOf80z24ir,17882094163674826121-mailru
lPRxuPBQnK,3418125-vkontakte
lPvDIOBFbw,520271690-twitter
lRYyuoim31,12375097-vkontakte
lRr4Vp7We6,486957065-twitter
lUagAt7qxa,167058561-vkontakte
lZ52Jr4C36,6950144781953145860-mailru
lZD4H7tQiu,9233114-vkontakte
la5ylP9shN,2301769776-twitter
lgGVnE7RXS,252102528-vkontakte
ljiVULQqaM,55688208-vkontakte
ln5DPaD296,1605543419-facebook
loTlf8UEQw,104155327137733630313-google
lohCgqixY9,148065288-vkontakte
lpLJFhKF5u,13515663-vkontakte
lrn0Irkn0A,74776-vkontakte
lsK7pNTQge,242673817-vkontakte
ltCQAJ0A7e,89686732-vkontakte
lwWZlsalam,897071180352338-facebook
lx2CejkkJS,301128879-instagram
m0EEhHQaDy,182473207-vkontakte
m1VY2zG1cY,13350342-vkontakte
m2wOM2ELgS,31244640-vkontakte
m37h7tRxi1,107585167464703461118-google
m5Uh5uONqQ,7620735-vkontakte
m5vUWSYX2m,112989999084130685056-google
m8bIbBfn4t,1548534129-instagram
mEYayA9az6,11274281-vkontakte
mGYe4KKX8e,136542511-vkontakte
mIed3DpHj6,119863501-vkontakte
mQuiQ9yMjg,102111815680604682363-google
maSmTSnY5r,115719050323985572380-google
mfAMebf9dV,242618084-vkontakte
mfr4Vu8109,10203866392323243-facebook
mikZp7ksdt,7930156-vkontakte
mrN9O5IV8n,1652410104993497-facebook
mszKmQkfc1,877110307-twitter
mzc2efuzRe,18911942-vkontakte
n09IXEjdxT,11909518329390504941-mailru
n0tCgGKKxR,139664465-vkontakte
n1qxWOPRFh,4107115803-twitter
n42BGwNPbN,100005770204761-facebook
n4XwlCXioK,107950149778329882837-google
n5BGz12PmJ,12304125-vkontakte
n5MDYSGBUz,1098502804-facebook
n5ljfB8t4Z,114435241601880593846-google
n5nalPRmu7,102048710016152384304-google
n6uSwijcoy,117241108541367372162-google
nDY4tNE8Tm,376326370-yandex
nLJCfx4HyG,223824863-twitter
nLLfyAV3h8,51291881-vkontakte
nLMyaWAbUp,93938517-vkontakte
nNNbOAkoP1,53213268-vkontakte
nOeOCRNk3w,84312061-vkontakte
nRvwDYa3iC,191014169-vkontakte
nY5uK4ahfL,653321624804001-facebook
nbbkDjCZD4,116327909739809926847-google
ne9fo9j4n6,105879122736583372876-google
nhCLaLKFNa,890764165-twitter
ni0YOTiw0m,106860691589213177280-google
nicm9RfAPN,328662272-twitter
nn8B41p4Qu,2731268017-twitter
noaFiGdLm9,169047477-vkontakte
nsflbMgkC8,760950344-twitter
nxI2INsP5p,22516208-vkontakte
nyLas0XLVT,11458611-vkontakte
nyTND17VVg,138974218-vkontakte
nzLoH1uok1,932551286832347-facebook
nzkb0bm3n1,254568603-vkontakte
o2pTBsMy3w,100003094239547-facebook
o566bCJXz7,49491686-vkontakte
o7b8QVaKkY,2645093-vkontakte
oAaJ5OYIe9,118232789846913629117-google
oAes6Mi1l4,106074700225996129602-google
oAzNLOFFNm,30038240-vkontakte
oCDGVPaX9m,116615212132367455521-google
oDSTTYdKeG,3894905-vkontakte
oJ9OyrTm2Y,2588081-vkontakte
oKbuKJRCa0,1522716673019666407-mailru
oNIjbCPZGz,108100553684782845184-google
oXj2iIfaqk,113845-vkontakte
oXtP9evHaH,217321047-vkontakte
oZBVAEwvAy,14172923539522706279-mailru
ocqqeGj2is,9170005-vkontakte
ofKB5DJqci,110560050606182471203-google
okOBxhrCZM,102728261838606069843-google
on3rtdvu2U,225354202-vkontakte
op09o7wluU,291460851-vkontakte
osZkgL55w2,116424748767404828158-google
ot2C5Tug07,44542836-vkontakte
otP7cKGogA,37018763-vkontakte
ovMslng2qP,272845711-vkontakte
oyP0z3V9Wa,109811245983169425337-google
p1UAiHBqNH,107519956679901192700-google
p4BWS13IAL,116795722676783470155-google
pBbFr9NHaI,22446480-vkontakte
pFNN6MsUh8,2950678-vkontakte
pH0fhwhhhU,109847025500129572025-google
pMndyk5noi,8777744-vkontakte
pN6IDfTL96,8242898-vkontakte
pPY1L6yWtb,65173882-yandex
pQJnps6oj2,1524208010-twitter
pZ6XcSAVte,76561197996497862-steam
pZO6U6BVSl,4280564-vkontakte
paJo01BtB6,94485823-vkontakte
pcsXhEZqIP,153628824-vkontakte
pfLPt4dPXB,100592106159914608745-googleplus
pjGELobzEX,100003895441349-facebook
pn6tBbiNU1,4008126-vkontakte
po2ZfsheT0,1069204026446010-facebook
ppTNzEWAwE,106777529994920223467-google
ppaS7gxXZn,104477877-yandex
pto9G1MvVL,86837593-vkontakte
puORgfTkfZ,203198-vkontakte
pwDjh3w3OM,1994834-vkontakte
pwLqWdg5TD,134762187-vkontakte
pyCwB3Gifa,87506623-vkontakte
qFuoDTjnhT,100001606883439-facebook
qIkQbErUxe,999086350161339-facebook
qOSbeHYwJ7,198182102-twitter
qPb3oK907b,12546481-vkontakte
qQK3YCj9Bm,179890420-vkontakte
qSkViMgRT8,147995727-twitter
qhEj8n1diq,766711576774459-facebook
qiGN8E8nvD,1591482784443889-facebook
qiWQqtiuxg,10507244268326373819-mailru
qkIfirAaGT,106069857985085205064-google
qmnMUipHxA,335489364-vkontakte
qtwQFPHABo,682792-vkontakte
qu5kMpWQiY,16975437-vkontakte
qvNTYTqsau,104552599929223768404-google
qvtPa2com9,3619867-vkontakte
r4F9eWxpKP,32712003-vkontakte
r4XICfRfDQ,102821024241084754911-google
r8Zu4xtF1K,67086336-soundcloud
r9QpTvWuQx,100001234630306-facebook
rC4G1DJZwx,991743140885924-facebook
rDTj8DvMU0,100006102097897-facebook
rI1RBHF8TF,95413503-twitter
rIlqNBYqGS,274057863-vkontakte
rKPR2k2n2X,80103861-vkontakte
rLRiLcROXn,72420-vkontakte
rLgyMo6T4H,18604982-vkontakte
rNprKe0cZJ,354307112-yandex
rO0Kbvq3Eo,236225892-vkontakte
rPlKEj6Bgn,223929452-vkontakte
rZkAW4CNuD,100001298373913-facebook
raiwLSnYdt,111911243388536938726-google
rbUz6KHWrS,108954498568373809294-google
rdBqoOFydr,114389869162010721507-google
rdqzkimyTF,77773793-vkontakte
reaqq39SXE,24420056-vkontakte
rejE3YEJl1,112360453875446530003-google
rf4yE4rqSq,222748547-vkontakte
rfh0dJU99V,7191271-vkontakte
rjLxUm4DTu,115824294221181769385-google
rop7knqZtb,237193268-vkontakte
rrve90F57j,11246604-vkontakte
rvmX1OmbJx,140229254-vkontakte
s3q4eL8HvR,1228077207203297-facebook
s6x9KswFRm,5543474-vkontakte
s73l1ufmZC,202248233-vkontakte
sHkqPMI33A,66505229-vkontakte
sWEWKd0wZu,189231066-vkontakte
sX18Q1bx9d,19427760-vkontakte
sXnHm6i6xV,117808379157933101849-google
sYngMW3HGO,8370763-vkontakte
sbVsYj5WKY,16427535-vkontakte
sdRQIEi9eM,13574969439141638542-mailru
seceqbKofN,114419780468524574762-google
sfYHSayyPH,78929408-vkontakte
sfoF2ReRzC,9785798-vkontakte
sgrapXjRVd,11906452757683780911-mailru
snOIQusPjP,253022447-twitter
snl8FR8AaG,2574817673-twitter
srGkpNxffy,100000395282479-facebook
ss4CAzXVLH,341931-vkontakte
suQWRBBa5q,104283194995590983431-google
svY5YEZXQh,23702739-vkontakte
sw77IVErd0,4217310-vkontakte
t0CDOcotM4,172298124-twitter
t1h49lm4jm,9619032-twitter
t4FzCcQipm,24726725-vkontakte
tAkUJX6cdw,180200146-vkontakte
tBUTegneV9,107700894659646852163-google
tIBWrooY9Z,9484722678330439684-mailru
tJf0qk7Vtm,100000510482542-facebook
tNnuJz0sbx,84203776-vkontakte
tRU8sMCcBC,175638536-vkontakte
tS9DwEB9Yo,14234343-vkontakte
tTHTF0PCvF,865923240-twitter
tUQODpMjaL,107204033556500356568-google
tUdKbl5mt0,156235048051822-facebook
tUsPS66Oh0,268258323-vkontakte
tVCYnY4TYu,45336981-vkontakte
tXitq7nRt7,184015982-vkontakte
taxHrhdT3z,621825474624803-facebook
tfnWexu0u3,105896916015290172834-google
thO8CUOLie,18332575111422358875-mailru
tk6EWSHrnX,225001562-vkontakte
toMEhpIkDU,100004602157082-facebook
trMePeKGq4,298198352-vkontakte
tsVP0hoXwW,103754750070275140001-google
ttl4kFKVBc,61521622-vkontakte
txKRaBBKYX,100006183370389-facebook
u0zLuDMaMw,2973684040-twitter
u5FFrGxMZL,leczQ3Eya3-linkedin
u6idvlVTHk,12664051-vkontakte
u6qibDrJpG,70980875-vkontakte
u7IOIyCnUG,33797453-yandex
u7YgWI9BE7,1407475695-facebook
uCaLXrGYu7,1717482141807025-facebook
uFJF6nX1C6,75ac31adc6e0549ff5fa2eab8fe32571-livejournal
uGvc5abAGG,11248841-vkontakte
uHAaBcVYYJ,76187635-vkontakte
uIdGCWfUKs,116115303349680569866-google
uJ7AN6q0Bl,381417697-yandex
uKBcVPsxOc,100004331137734-facebook
uKHZy5Mw8U,21013957-vkontakte
uKbmT45JOT,6460312-vkontakte
uN1KpuZ4VN,5968831628821352826-mailru
uQWOLWkvvo,42784581-vkontakte
uWwMWD9QPH,257330234-vkontakte
uZ7YClAW31,4560369-vkontakte
uZ8q6v7j6W,100003043470756-facebook
ufRHawSZyB,101241188040883499880-google
ufiMTRPsia,1034497246671899-facebook
uhHZDgM0Sl,22587758-vkontakte
uiO7f9J9eF,16286478-vkontakte
uiwbSKtVTI,105217997202358276149-google
uqRQzua7F0,107584533093674879328-google
usMxNPjp1z,212028601-vkontakte
ut15LmFWX2,194970172-vkontakte
uuf6B9IFUp,221143055-vkontakte
uvzn8JqqRD,1130000004497128-yandex
uwkHikcGWt,2493423084-twitter
uwusuyu9up,251319831-yandex
uxIU8bPmgL,154065637-vkontakte
uzkoL0gS3A,325039795-vkontakte
v1HeOZzqSY,173313609-vkontakte
v5yhzYcUzu,74217336-twitter
v6OlXrrPYg,185305673-vkontakte
v6QUZK81hA,1431747162-facebook
v9VpUojKZr,3543965-vkontakte
vBV72VMSzp,1285823130409708424-mailru
vHe7cHDqBL,2162355-vkontakte
vIKDZjMypY,14658880-vkontakte
vKAHSSjT5B,159817662-vkontakte
vQOAQHpJB1,535285929957545-facebook
vS9iDV8ER6,9287038-vkontakte
vU6RrSllRb,292982281-vkontakte
vXMG3B9Wg0,100003524360399-facebook
vbJ4tLVgfd,1078350-vkontakte
vc3a9brDL2,102213724-vkontakte
vcEDjUFtZH,445128818015-odnoklassniki
vdQi2fi5Z4,113373130537846034440-google
veFGZOEf5A,103180285651281096099-google
vekQnZgQcT,3736511-vkontakte
vf8vMnw7kC,1036221113067649-facebook
vg2XXYdxpH,85359398-vkontakte
vjX8pxREP0,791846360915254-facebook
vmhpAWDLFO,7910886506694871983-mailru
vqzuj0Z5Ec,503588713152717-facebook
vt5flghUZ7,114548128377965730843-google
vtsjvI4b1o,8637494-vkontakte
vu7Wb7yMC4,10206471247373307-facebook
vurnSjO0NT,100000285302574-facebook
w0NgCJtWSn,4195209-vkontakte
w0oB7QtETO,100002112150127-facebook
w33OC26EA1,32032529-vkontakte
w5hvKO5cEP,891616610886404-facebook
w6glFjCxAI,2352103981-twitter
w6glmMT9YR,144153229-vkontakte
w99NOeqpui,50534343-vkontakte
wASnCSkwqE,245410762-twitter
wBVGTHxghr,125538992-vkontakte
wFzQDNTxGI,1056843617710592-facebook
wHnwa2iuSB,73845578-vkontakte
wIDinVq2U9,31014-vkontakte
wJIqeDBofK,2008317-vkontakte
wKkpGMJ2bU,51533480-vkontakte
wL9Rpavhlw,251081405-vkontakte
wMfhFMjovF,895850437155414-facebook
wNX4gwtlj0,238247231-yandex
wRI0bJ3vw5,7800144-vkontakte
wTjFX8MNFS,1568334263437636-facebook
wUn2inPIIg,13487312-vkontakte
wYUEsc362V,10857302708958691385-mailru
wZ9qwRtCrR,20652259-vkontakte
wbuqBtE8AD,904737966266211-facebook
wbxkGzLUYi,115622071-twitter
wdDjkRPqpn,224506325-vkontakte
we43PIfg0F,174196177-vkontakte
weuzVDUugc,1301945297-facebook
wfHA2orW94,10207543016756741-facebook
wfeEswEZqf,36205369-vkontakte
wkocfznjN9,108904249-vkontakte
wlOJlz00rE,1549241968-instagram
wlrMH4Kfd4,63510241-vkontakte
woO7IPNIrl,117797715783705886719-google
wtK3Es4V43,104066846-vkontakte
wtdPd1vOrf,100002214355694-facebook
wu0wFPZDjd,225930164369-odnoklassniki
wuBLThbZGN,100418038239551092422-google
wvtprj9sXj,182251054-vkontakte
wwAfPnVKWy,16391932-yandex
wwstu32a2u,90723043-vkontakte
x1Wsr0yxPL,1197902080238191-facebook
x4jl3dYd5A,114124901899630890283-google
x5PFiJvIIO,13070932-vkontakte
xAzANzRdc9,105085195371408987167-google
xHPx6UIvGJ,81559567-vkontakte
xHsDaC3G9r,876179748-twitter
xKgSyDaWH9,117242552-vkontakte
xO6FzuRuy0,205906396-twitter
xPcEXRirXv,145685612-vkontakte
xXVgRLOYF9,237092589-vkontakte
xZeXxJnj62,95814655-vkontakte
xbQxRYJ1c0,363920855020-odnoklassniki
xewNxiFU8P,944138179-twitter
xj1sj64IwN,856646358-twitter
xlMOLxG4pI,6068380-vkontakte
xmtKYek49F,9804407260381102393-mailru
xn7w4HgggO,1583223246-facebook
xr9k8KijjU,116405857459018391370-google
xsA510XFfV,212202026-vkontakte
xt38NSKvW5,8665897-vkontakte
xvKW8VVQKI,1734575-vkontakte
xxUgwvTiUW,107909390522043237958-google
y3KCVAOeuo,1038572712841243-facebook
y6JXRmyj8j,19008317-vkontakte
yB1HXpT9wn,41137651-vkontakte
yIBzMHS1qj,118432710630950670376-google
yIK4pmb3PQ,9323467-vkontakte
yIYJlVqoxa,111545247417081041177-google
yJmU5nJDiu,64076236-vkontakte
yLf8p3kWJn,100001268131735-facebook
yMTEquBN2W,32933346-vkontakte
yNvU0eLVdK,116319334199049031815-google
yPJazQnX6v,115333996213980442412-google
yPYoKAQ6xZ,100793649419376067062-google
yQAgtIH0W3,2518026-vkontakte
yQqifuacEc,20565064-vkontakte
ySs5bhgnQZ,10501806-vkontakte
yUbVFdVwIY,116167882209855406320-google
yd19V2ZKnF,100312794977561489009-google
ypjbvBDVkM,108710354523951058548-googleplus
yt4nUVbAT4,8012994-vkontakte
yud2OQkzR1,60f4e752b0406d98-liveid
yyeNrIFyf5,75548194-vkontakte
yyr0jqpWln,173826816-vkontakte
yzrz4XS0hA,142752092722396-facebook
z1h2BH9TQR,12474995-vkontakte
z6Wv3QVlzx,105088562927392683467-google
z7KCzJwNR8,110745657975904221204-googleplus
z8sSYIPcML,223695642-vkontakte
z9HmAzpjTT,1728658317384781-facebook
zDwBhRFRsb,102560208433415157519-google
zFRJXhW7un,10429589-vkontakte
zGuwmE0k6v,100004519293475-facebook
zHbHTViHlo,5324476-vkontakte
zHephYL9nk,5380462-vkontakte
zJ612z0fXz,283506503-instagram
zL9fSoKwv4,100002035131866-facebook
zLb6ui9FyT,107221637155438420879-google
zMtfTuU5Wu,185791044-yandex
zR6Tjr6kHI,101151678-vkontakte
zUWurT0suf,126044190-twitter
zWsFTe87Qf,100008793465000-facebook
zY2Q7NrpRF,7096448-vkontakte
zYF8sOXlZ7,90477783-vkontakte
zd1Wc0nUeH,206670327-yandex
zgGHD2crk9,6174285259377147248-mailru
ziFK930VFZ,943757805689919-facebook
zkofLa9RaJ,16067898-vkontakte
zlHEWRfA89,6697030-vkontakte
zn0nrvhUWk,571903-vkontakte
zptErnveOt,107759347430200989115-google
zqhhfP92Ny,1606575652891411-facebook
zrKbAOiU60,244485765-vkontakte
zrRimeYE3b,11928625-vkontakte
zuiMtcElKL,145180945-vkontakte
