{
    "id": "CixTREECfE",
    "userId": "100001443995554-facebook",
    "createdAt": "2015-03-16 15:30:34",
    "updatedAt": "2015-03-16 15:30:34",
    "title": "Анна Каренина",
    "author": "Л.Н. Толстой",
    "readDay": "5",
    "readMonth": "3",
    "readYear": "2013",
    "notes": "(1873-1877) «Все счастливые семьи похожи друг на друга, каждая несчастливая семья несчастлива по-своему». С потрясающей силой изображает Толстой муки одинокой женской души. У Анны нет ни друзей, пи дела, которое могло бы ее увлечь. В жизни ей остается только любовь Вронского. И Анну начинают терзать страшные мысли о том, что будет, если он разлюбит ее. Она становится подозрительной, несправедливой. .Между нею и дорогим ей человеком поселяется злой дух какой-то борьбы. Жизнь становится невыносимой. И смерть, как единственное средство восстановить в его сердце любовь к ней, наказать его и одержать победу в той борьбе, которую поселившийся в ее сердце злой дух вел с ним, ясно и живо представилась ей. К горестному итогу приходит эта живая душа: Разве все мы не брошены на свет затем только, чтобы ненавидеть друг друга и потому мучить себя и других?; Все неправда, все ложь, все обман, все зло!"
}